{
  "tag": "BNC",
  "pooled": {
    "span_years": 6.160135751768196,
    "n_events": 32889,
    "events_per_year_5sym": 5339.005717619063,
    "touched_n": 28856,
    "touch_share": 0.8773754142722491,
    "touch_clusters_per_year_5sym": 4684.312353297932,
    "terminal_counts": {
      "cont": 16168,
      "fail": 13427,
      "timeout": 3294
    },
    "maxR_hist": {
      "0.0-0.1": 0,
      "0.1-0.2": 11,
      "0.2-0.3": 187,
      "0.3-0.4": 730,
      "0.4-0.5": 5495,
      "0.5-0.6": 4085,
      "0.6-0.7": 3004,
      "0.7-0.8": 2323,
      "0.8-0.9": 1937,
      "0.9-1.0": 1667,
      ">1.0": 13450
    },
    "maxR_median": 0.8278737343656943,
    "grid": {
      "4": {
        "g50": {
          "n": 28851,
          "mean": 0.027788218213418904,
          "median": 0.0,
          "std": 1.1025882858093985
        },
        "b1": {
          "n": 32889,
          "mean": -0.023859789164122402,
          "median": -0.07062746652949671,
          "std": 1.202270564430727
        },
        "b0": {
          "mean": 0.010840747871160747,
          "median": 0.00517723813744641
        },
        "cost_pct": 0.10125,
        "g50_gross_mean": 0.027788218213418904,
        "thickness_pass": 0.0,
        "superiority_pass": 1.0,
        "n_symbols_supporting": 5,
        "consistency_pass": true,
        "all_pass": 0.0
      },
      "8": {
        "g50": {
          "n": 28851,
          "mean": 0.0208170237323528,
          "median": -0.007717637373945256,
          "std": 1.5946403080619458
        },
        "b1": {
          "n": 32889,
          "mean": -0.028275489556672077,
          "median": -0.08616899674668,
          "std": 1.6400863796117244
        },
        "b0": {
          "mean": 0.02127261457256214,
          "median": 0.009916730796331858
        },
        "cost_pct": 0.10250000000000001,
        "g50_gross_mean": 0.0208170237323528,
        "thickness_pass": 0.0,
        "superiority_pass": 1.0,
        "n_symbols_supporting": 5,
        "consistency_pass": true,
        "all_pass": 0.0
      },
      "16": {
        "g50": {
          "n": 28851,
          "mean": 0.004135374797240347,
          "median": -0.034551475358568624,
          "std": 2.219592062012467
        },
        "b1": {
          "n": 32884,
          "mean": -0.036911189135806766,
          "median": -0.10935583925173556,
          "std": 2.2786425524609064
        },
        "b0": {
          "mean": 0.04175528591479719,
          "median": 0.015183146729029259
        },
        "cost_pct": 0.10500000000000001,
        "g50_gross_mean": 0.004135374797240347,
        "thickness_pass": 0.0,
        "superiority_pass": 1.0,
        "n_symbols_supporting": 3,
        "consistency_pass": true,
        "all_pass": 0.0
      }
    }
  },
  "per_symbol_g50_means": {
    "BTC": {
      "4": 0.020568677843775748,
      "8": 0.013326039298861215,
      "16": 0.009742080956001074
    },
    "ETH": {
      "4": 0.020265814340627755,
      "8": 0.0032225322322469952,
      "16": -0.010386854874786607
    },
    "SOL": {
      "4": 0.027949007318515063,
      "8": 0.03921948803644138,
      "16": 0.0024418794957423696
    },
    "LINK": {
      "4": 0.04524927842054854,
      "8": 0.025506886397929952,
      "16": -0.013687371339336863
    },
    "DOGE": {
      "4": 0.02504097495146684,
      "8": 0.025178317216868723,
      "16": 0.03438019911106886
    }
  }
}