{
  "demo_FLAT_test": {
    "n": 21298,
    "net": 189227.38,
    "pf": 2.0615,
    "win": 0.4828,
    "max_dd": 2249.87,
    "mean_pnl": 8.8847
  },
  "mainnet_C2_test": {
    "n": 25435,
    "net": -27736.6262,
    "pf": 0.826209755645493,
    "win": 36.14310988794968,
    "max_dd": 27865.202799999777,
    "mean_pnl": -1.0904905130725377
  },
  "delta": {
    "net_change": -216964.0062,
    "net_ratio": -0.14657829221120114,
    "pf_change": -1.235290244354507,
    "n_change": 4137,
    "mean_pnl_change": -9.975190513072539
  },
  "by_symbol_test_C2": {
    "BTC": {
      "n": 5309,
      "net": -4527.6618,
      "pf": 0.7787961104038187
    },
    "ETH": {
      "n": 4325,
      "net": -4658.639999999999,
      "pf": 0.8273468167741996
    },
    "SOL": {
      "n": 4918,
      "net": -5750.6899,
      "pf": 0.8288797774251867
    },
    "LINK": {
      "n": 5393,
      "net": -7512.9827000000005,
      "pf": 0.8101151279962834
    },
    "DOGE": {
      "n": 5490,
      "net": -5286.6518,
      "pf": 0.8643587229929686
    }
  }
}