{
  "positioning": "descriptive pre-study, go/no-go only; denominator = all breakout cluster heads; gross column mandatory",
  "pre_registered": {
    "N": 20,
    "band": [
      0.4,
      0.6
    ],
    "timeout_bars": 60,
    "ks": [
      4,
      8,
      16
    ],
    "fee_rt_pct": 0.1,
    "thick_mult": 1.5,
    "min_symbols": 3,
    "verdict_months": [
      12,
      24
    ]
  },
  "okx": {
    "tag": "OKX",
    "pooled": {
      "span_years": 3.4058578599133016,
      "n_events": 18157,
      "events_per_year_5sym": 5331.10914982876,
      "touched_n": 15821,
      "touch_share": 0.8713443850856419,
      "touch_clusters_per_year_5sym": 4645.23202398198,
      "terminal_counts": {
        "cont": 8956,
        "fail": 7394,
        "timeout": 1807
      },
      "maxR_hist": {
        "0.0-0.1": 0,
        "0.1-0.2": 7,
        "0.2-0.3": 98,
        "0.3-0.4": 406,
        "0.4-0.5": 3007,
        "0.5-0.6": 2324,
        "0.6-0.7": 1651,
        "0.7-0.8": 1320,
        "0.8-0.9": 1055,
        "0.9-1.0": 887,
        ">1.0": 7402
      },
      "maxR_median": 0.8235294117647003,
      "grid": {
        "4": {
          "g50": {
            "n": 15821,
            "mean": 0.022419965527164694,
            "median": 0.009304511059574458,
            "std": 0.8060885259370051
          },
          "b1": {
            "n": 18157,
            "mean": -0.008004047113874053,
            "median": -0.05614122637388746,
            "std": 0.9730563167948001
          },
          "b0": {
            "mean": 0.006678011745303988,
            "median": 0.005029790336241285
          },
          "cost_pct": 0.10084159180788126,
          "g50_gross_mean": 0.022419965527164694,
          "thickness_pass": 0.0,
          "superiority_pass": 1.0,
          "n_symbols_supporting": 4,
          "consistency_pass": true,
          "all_pass": 0.0
        },
        "8": {
          "g50": {
            "n": 15821,
            "mean": 0.016884032035766373,
            "median": 0.0006410297501901233,
            "std": 1.1445036956051349
          },
          "b1": {
            "n": 18157,
            "mean": -0.006373475351738994,
            "median": -0.06160039371166933,
            "std": 1.2673345852459208
          },
          "b0": {
            "mean": 0.013208211519137687,
            "median": 0.009707584349198287
          },
          "cost_pct": 0.1016831836157625,
          "g50_gross_mean": 0.016884032035766373,
          "thickness_pass": 0.0,
          "superiority_pass": 1.0,
          "n_symbols_supporting": 5,
          "consistency_pass": true,
          "all_pass": 0.0
        },
        "16": {
          "g50": {
            "n": 15819,
            "mean": 0.007272753735542005,
            "median": -0.014587598529165823,
            "std": 1.5759817411515318
          },
          "b1": {
            "n": 18153,
            "mean": -0.006448871712557531,
            "median": -0.07461835326325372,
            "std": 1.7079336992633192
          },
          "b0": {
            "mean": 0.026154218421866455,
            "median": 0.012774893081238043
          },
          "cost_pct": 0.10336636723152501,
          "g50_gross_mean": 0.007272753735542005,
          "thickness_pass": 0.0,
          "superiority_pass": 1.0,
          "n_symbols_supporting": 4,
          "consistency_pass": true,
          "all_pass": 0.0
        }
      }
    },
    "per_symbol_g50_means": {
      "BTC": {
        "4": 0.0194097856112208,
        "8": 0.015621280539753363,
        "16": 0.022062732839549064
      },
      "ETH": {
        "4": 0.02990872107449412,
        "8": 0.02443118338470766,
        "16": 0.013661874427650801
      },
      "SOL": {
        "4": 0.023953335123348112,
        "8": 0.00546152085084008,
        "16": -0.014197003547600779
      },
      "LINK": {
        "4": 0.04849895692603264,
        "8": 0.03732615089019195,
        "16": 0.012289805306984288
      },
      "DOGE": {
        "4": -0.00839770253236326,
        "8": 0.0024400464369581753,
        "16": 0.002896107817175172
      }
    }
  },
  "passing_k": [],
  "arithmetic": []
}