{
  "n_5m_matched": 358272,
  "atr_rel_dev": {
    "n": 358258,
    "mean": 0.718232213814523,
    "median": 0.36702652987924994,
    "p90": 1.7163881619015995,
    "p99": 5.266475276572575,
    "p99_9": 11.514376388578647,
    "max": 37.065368758880886
  },
  "donchian_high_dev": {
    "n": 358248,
    "mean": 0.0033492874348239536,
    "median": 0.0005745617552805429,
    "p90": 0.011643454362541958,
    "p99": 0.02762659514152613,
    "p99_9": 0.04838931612076038,
    "max": 0.05747386442767861
  },
  "donchian_low_dev": {
    "n": 358248,
    "mean": 0.00334889460095738,
    "median": 0.0007255850160921866,
    "p90": 0.010915442443844195,
    "p99": 0.026761527097702853,
    "p99_9": 0.04906327593402748,
    "max": 0.05934371987288589
  },
  "midline_dev": {
    "n": 358248,
    "mean": 0.0025249287503432685,
    "median": 0.0006347515157402849,
    "p90": 0.00782276751920789,
    "p99": 0.02046742008397059,
    "p99_9": 0.029968760794531188,
    "max": 0.05334672822996626
  },
  "atr_pctl_drift_abs": {
    "n": 358272,
    "mean": 0.10020514668539925,
    "median": 0.06902137594423813,
    "p90": 0.23181902772020951,
    "p99": 0.5425638444555329,
    "p99_9": 0.7540626052090693,
    "max": 0.9747540539854674
  }
}