{
  "n_5m_matched": 358272,
  "atr_rel_dev": {
    "n": 358258,
    "mean": 0.9557271101222732,
    "median": 0.20031174009829572,
    "p90": 2.970413782861577,
    "p99": 8.946384254006194,
    "p99_9": 17.76656064508222,
    "max": 52.03727414594217
  },
  "donchian_high_dev": {
    "n": 358248,
    "mean": 0.010551445170965098,
    "median": 0.0006029363003278985,
    "p90": 0.02429192356210946,
    "p99": 0.20237578672448656,
    "p99_9": 0.3066553197480396,
    "max": 0.37138275941055193
  },
  "donchian_low_dev": {
    "n": 358248,
    "mean": 0.00866112701976547,
    "median": 0.0007375719132614617,
    "p90": 0.016558862991482418,
    "p99": 0.17269730136979383,
    "p99_9": 0.3054076459554865,
    "max": 0.5988644210849382
  },
  "midline_dev": {
    "n": 358248,
    "mean": 0.007271145327016801,
    "median": 0.0006557377049181198,
    "p90": 0.01584080872528853,
    "p99": 0.12643614944738682,
    "p99_9": 0.30433100584323647,
    "max": 0.425822707490265
  },
  "atr_pctl_drift_abs": {
    "n": 358272,
    "mean": 0.0947510289615994,
    "median": 0.05432382821421622,
    "p90": 0.2513674006276595,
    "p99": 0.5606609878443871,
    "p99_9": 0.7205022331813582,
    "max": 0.9478628285271999
  }
}