{
  "n_5m_matched": 358272,
  "atr_rel_dev": {
    "n": 358258,
    "mean": 0.6708199756676574,
    "median": 0.2883008617762124,
    "p90": 1.372113328468334,
    "p99": 6.330332791440759,
    "p99_9": 29.08869165842341,
    "max": 77.31115509009608
  },
  "donchian_high_dev": {
    "n": 358248,
    "mean": 0.009846621437369989,
    "median": 0.0008593482834074455,
    "p90": 0.019322222862860238,
    "p99": 0.223962389387502,
    "p99_9": 0.303067969277636,
    "max": 0.8887909936368084
  },
  "donchian_low_dev": {
    "n": 358248,
    "mean": 0.007735620223032908,
    "median": 0.000888983780432982,
    "p90": 0.015580171515349482,
    "p99": 0.1462076461895551,
    "p99_9": 0.30175850098692353,
    "max": 0.9864213885710845
  },
  "midline_dev": {
    "n": 358248,
    "mean": 0.007634330245504033,
    "median": 0.0008562381151261929,
    "p90": 0.013791469876895278,
    "p99": 0.1702260170285191,
    "p99_9": 0.3017426868490363,
    "max": 0.310393423670897
  },
  "atr_pctl_drift_abs": {
    "n": 358272,
    "mean": 0.10855510230806878,
    "median": 0.07800485547763855,
    "p90": 0.23727932530854284,
    "p99": 0.6052746643883687,
    "p99_9": 0.845430111574496,
    "max": 0.9960369490005667
  }
}