{
  "n_5m_matched": 358272,
  "atr_rel_dev": {
    "n": 358258,
    "mean": 0.7354613091616194,
    "median": 0.14914059034479354,
    "p90": 2.341398426016844,
    "p99": 6.923865153859899,
    "p99_9": 15.039218807444811,
    "max": 66.07816452811846
  },
  "donchian_high_dev": {
    "n": 358248,
    "mean": 0.006750636375090528,
    "median": 0.00035817535265344634,
    "p90": 0.018836460055563022,
    "p99": 0.07267495744152924,
    "p99_9": 0.1606913724130956,
    "max": 0.31670281995661603
  },
  "donchian_low_dev": {
    "n": 358248,
    "mean": 0.0048882551713366465,
    "median": 0.00034494653328745565,
    "p90": 0.00919548685686586,
    "p99": 0.08463992530913583,
    "p99_9": 0.2451777952339764,
    "max": 0.31993044990219527
  },
  "midline_dev": {
    "n": 358248,
    "mean": 0.005373250255581298,
    "median": 0.00024359200775525444,
    "p90": 0.010747639333146108,
    "p99": 0.0768882895410263,
    "p99_9": 0.15020602875550404,
    "max": 0.31498587263638345
  },
  "atr_pctl_drift_abs": {
    "n": 358272,
    "mean": 0.11518900278101021,
    "median": 0.039812378930272285,
    "p90": 0.3781816490014127,
    "p99": 0.722703460585193,
    "p99_9": 0.9082331898119589,
    "max": 0.9843338944483451
  }
}