{
  "n_5m_matched": 358272,
  "atr_rel_dev": {
    "n": 358258,
    "mean": 1.0827582556020576,
    "median": 0.1825691342571598,
    "p90": 2.8620711769480045,
    "p99": 11.863408031826843,
    "p99_9": 37.81820965984241,
    "max": 108.83764162982587
  },
  "donchian_high_dev": {
    "n": 358248,
    "mean": 0.018641928811867527,
    "median": 0.0009520655683417372,
    "p90": 0.036319649609822265,
    "p99": 0.48247507627084346,
    "p99_9": 0.515164963017824,
    "max": 0.7234451540894155
  },
  "donchian_low_dev": {
    "n": 358248,
    "mean": 0.017699523048213945,
    "median": 0.0010449320794148108,
    "p90": 0.03188269450879485,
    "p99": 0.44841832390440256,
    "p99_9": 0.5059971974425327,
    "max": 0.6990406179915276
  },
  "midline_dev": {
    "n": 358248,
    "mean": 0.013119150986680483,
    "median": 0.0016773183555202531,
    "p90": 0.02172024789542953,
    "p99": 0.25443127323962605,
    "p99_9": 0.5081814302107376,
    "max": 0.7025987132584838
  },
  "atr_pctl_drift_abs": {
    "n": 358272,
    "mean": 0.09453134362078867,
    "median": 0.047419152913709545,
    "p90": 0.26559208912423765,
    "p99": 0.5014168858962755,
    "p99_9": 0.6956141333310794,
    "max": 0.9781249735655616
  }
}