{
  "by_symbol": {
    "BTC": {
      "small <1.050": {
        "n": 2446,
        "win": 0.44317252657399836,
        "mean": 0.03543701218300219,
        "median": -2.3817489600000434,
        "pf": 1.0077634135163567,
        "pf_inf": false,
        "total": 86.67893179962334,
        "share": 0.5399558498896248
      },
      "medium [1.050,1.302)": {
        "n": 1276,
        "win": 0.5250783699059561,
        "mean": 3.6038189225233603,
        "median": 1.5860181000001166,
        "pf": 1.8056000860950783,
        "pf_inf": false,
        "total": 4598.472945139808,
        "share": 0.28167770419426047
      },
      "large >=1.302": {
        "n": 808,
        "win": 0.6646039603960396,
        "mean": 13.060389927079047,
        "median": 11.94580996999987,
        "pf": 4.220004044063377,
        "pf_inf": false,
        "total": 10552.79506107987,
        "share": 0.17836644591611478
      },
      "_test_pctile_of_1.050": 0.5399558498896248,
      "_test_pctile_of_1.302": 0.8216335540838852
    },
    "ETH": {
      "small <1.050": {
        "n": 2498,
        "win": 0.42073658927141716,
        "mean": 0.6236021147076021,
        "median": -3.547197800000146,
        "pf": 1.0776427518308782,
        "pf_inf": false,
        "total": 1557.7580825395899,
        "share": 0.5280067638976961
      },
      "medium [1.050,1.302)": {
        "n": 1364,
        "win": 0.5051319648093842,
        "mean": 5.164899643357612,
        "median": 0.3195061099998727,
        "pf": 1.662014648643496,
        "pf_inf": false,
        "total": 7044.923113539782,
        "share": 0.2883111392940182
      },
      "large >=1.302": {
        "n": 869,
        "win": 0.5753739930955121,
        "mean": 22.373780048354273,
        "median": 7.830679199999411,
        "pf": 2.5251493553975286,
        "pf_inf": false,
        "total": 19442.814862019863,
        "share": 0.18368209680828576
      },
      "_test_pctile_of_1.050": 0.5280067638976961,
      "_test_pctile_of_1.302": 0.8163179031917143
    },
    "SOL": {
      "small <1.050": {
        "n": 2379,
        "win": 0.4556536359815048,
        "mean": 3.483544325599027,
        "median": -2.6546078000003295,
        "pf": 1.4444309535481046,
        "pf_inf": false,
        "total": 8287.351950600085,
        "share": 0.5728389116301469
      },
      "medium [1.050,1.302)": {
        "n": 1102,
        "win": 0.49637023593466423,
        "mean": 7.4090608148820225,
        "median": -0.1953659999999291,
        "pf": 1.7999187365641596,
        "pf_inf": false,
        "total": 8164.785017999989,
        "share": 0.26535034914519623
      },
      "large >=1.302": {
        "n": 672,
        "win": 0.6101190476190477,
        "mean": 71.35047463660717,
        "median": 13.87609199999992,
        "pf": 3.271334610704298,
        "pf_inf": false,
        "total": 47947.51895580002,
        "share": 0.16181073922465689
      },
      "_test_pctile_of_1.050": 0.5728389116301469,
      "_test_pctile_of_1.302": 0.8381892607753432
    },
    "LINK": {
      "small <1.050": {
        "n": 2269,
        "win": 0.4658439841339797,
        "mean": 6.073043796914998,
        "median": -2.2924355999993953,
        "pf": 1.9437306047430403,
        "pf_inf": false,
        "total": 13779.736375200131,
        "share": 0.5423040152963671
      },
      "medium [1.050,1.302)": {
        "n": 1171,
        "win": 0.47993168232280103,
        "mean": 11.200282057557688,
        "median": -1.448254859999863,
        "pf": 2.6032208260891956,
        "pf_inf": false,
        "total": 13115.530289400052,
        "share": 0.2798757170172084
      },
      "large >=1.302": {
        "n": 744,
        "win": 0.3911290322580645,
        "mean": 9.872391584381813,
        "median": -4.347912839999795,
        "pf": 1.7090120133042248,
        "pf_inf": false,
        "total": 7345.059338780069,
        "share": 0.17782026768642448
      },
      "_test_pctile_of_1.050": 0.5423040152963671,
      "_test_pctile_of_1.302": 0.8221797323135756
    },
    "DOGE": {
      "small <1.050": {
        "n": 2094,
        "win": 0.46609360076408785,
        "mean": 5.45315424627502,
        "median": -2.5416840000002097,
        "pf": 1.8520613095222127,
        "pf_inf": false,
        "total": 11418.904991699892,
        "share": 0.5659459459459459
      },
      "medium [1.050,1.302)": {
        "n": 1049,
        "win": 0.4613918017159199,
        "mean": 6.841998366062879,
        "median": -2.6875499999997654,
        "pf": 1.8321590952589182,
        "pf_inf": false,
        "total": 7177.25628599996,
        "share": 0.2835135135135135
      },
      "large >=1.302": {
        "n": 557,
        "win": 0.6104129263913824,
        "mean": 51.54003314512741,
        "median": 11.223402000000291,
        "pf": 4.0114577670091345,
        "pf_inf": false,
        "total": 28707.798461835966,
        "share": 0.15054054054054053
      },
      "_test_pctile_of_1.050": 0.5659459459459459,
      "_test_pctile_of_1.302": 0.8494594594594594
    }
  },
  "portfolio": {
    "PORTFOLIO": {
      "small <1.050": {
        "n": 11686,
        "win": 0.4494266643847339,
        "mean": 3.00619804311478,
        "median": -2.7299789999998167,
        "pf": 1.4510947522190434,
        "pf_inf": false,
        "total": 35130.43033183932,
        "share": 0.5486900178420508
      },
      "medium [1.050,1.302)": {
        "n": 5962,
        "win": 0.4951358604495136,
        "mean": 6.726093198939885,
        "median": -0.6343233200001086,
        "pf": 1.9247867714428917,
        "pf_inf": false,
        "total": 40100.96765207959,
        "share": 0.27993238801765424
      },
      "large >=1.302": {
        "n": 3650,
        "win": 0.5693150684931507,
        "mean": 31.23177717247008,
        "median": 6.647824100000044,
        "pf": 2.998959186144,
        "pf_inf": false,
        "total": 113995.98667951579,
        "share": 0.17137759414029485
      },
      "_test_pctile_of_1.050": 0.5486900178420508,
      "_test_pctile_of_1.302": 0.8286224058597051
    }
  }
}