{
  "slices": {
    "2020-2021": {
      "n": 77,
      "gross": 1357749.8847,
      "fees": -1456.1376,
      "funding": -148855.0774,
      "net": 1207438.6702,
      "short_n": 39,
      "short_net": -6336.900700000002
    },
    "2022": {
      "n": 64,
      "gross": -15776.003400000001,
      "fees": -619.6245,
      "funding": -2344.1947999999998,
      "net": -18739.822999999997,
      "short_n": 32,
      "short_net": 10022.764299999999
    },
    "2023-2024": {
      "n": 124,
      "gross": 66333.24999999999,
      "fees": -1302.2799999999997,
      "funding": -11248.334700000001,
      "net": 53782.635899999994,
      "short_n": 62,
      "short_net": -26777.305399999994
    },
    "2025-2026": {
      "n": 86,
      "gross": 12238.498999999998,
      "fees": -846.7518,
      "funding": -745.5184,
      "net": 10646.228100000004,
      "short_n": 43,
      "short_net": 20292.630299999997
    }
  },
  "flat_share": null
}