{
  "slices": {
    "2020-2021": {
      "n": 105,
      "gross": 692577.62,
      "fees": -1458.9348,
      "funding": -141170.8586,
      "net": 549947.8263,
      "short_n": 53,
      "short_net": -62131.296
    },
    "2022": {
      "n": 81,
      "gross": -4309.0689999999995,
      "fees": -788.0772999999999,
      "funding": -1050.2983999999997,
      "net": -6147.445100000003,
      "short_n": 41,
      "short_net": 18341.0372
    },
    "2023-2024": {
      "n": 200,
      "gross": 63692.45799999999,
      "fees": -2057.3563999999997,
      "funding": -15914.168300000001,
      "net": 45720.933399999994,
      "short_n": 98,
      "short_net": -24929.000799999998
    },
    "2025-2026": {
      "n": 84,
      "gross": 2533.5930000000008,
      "fees": -829.6447999999999,
      "funding": -743.0453999999999,
      "net": 960.9028999999989,
      "short_n": 43,
      "short_net": 12389.019499999999
    }
  },
  "flat_share": null
}