{
  "slices": {
    "2020-2021": {
      "n": 200,
      "gross": 736437.2667,
      "fees": -2420.5355000000004,
      "funding": -139778.99709999998,
      "net": 594237.7341,
      "short_n": 101,
      "short_net": -51913.73309999998
    },
    "2022": {
      "n": 182,
      "gross": 1369.8249999999998,
      "fees": -1797.7706,
      "funding": -1154.1776999999997,
      "net": -1582.1218000000026,
      "short_n": 91,
      "short_net": 21514.8897
    },
    "2023-2024": {
      "n": 432,
      "gross": 65473.736,
      "fees": -4379.8151,
      "funding": -16321.581000000002,
      "net": 44772.341400000005,
      "short_n": 214,
      "short_net": -27237.595
    },
    "2025-2026": {
      "n": 188,
      "gross": 11823.379999999997,
      "fees": -1867.3658,
      "funding": -825.1637999999999,
      "net": 9130.8516,
      "short_n": 95,
      "short_net": 16227.874800000001
    }
  },
  "flat_share": null
}