{
  "slices": {
    "2020-2021": {
      "n": 113,
      "gross": 287687.4833000001,
      "fees": -1274.7813,
      "funding": -43482.012200000005,
      "net": 242930.69030000002,
      "short_n": 0,
      "short_net": 0.0
    },
    "2022": {
      "n": 68,
      "gross": -20681.8494,
      "fees": -669.3104000000001,
      "funding": -1029.6749,
      "net": -22380.8341,
      "short_n": 0,
      "short_net": 0.0
    },
    "2023-2024": {
      "n": 137,
      "gross": 110874.786,
      "fees": -1425.5385,
      "funding": -11316.9672,
      "net": 98132.28080000001,
      "short_n": 0,
      "short_net": 0.0
    },
    "2025-2026": {
      "n": 99,
      "gross": -6604.379,
      "fees": -987.1573999999999,
      "funding": -1490.0914000000002,
      "net": -9081.627299999998,
      "short_n": 0,
      "short_net": 0.0
    }
  },
  "flat_share": {
    "2020-2021": 0.48114025085518813,
    "2022": 0.6785388127853881,
    "2023-2024": 0.45572275421796626,
    "2025-2026": 0.5880529544720697,
    "overall": 0.5275145824441599
  }
}