{
  "slices": {
    "2020-2021": {
      "n": 52,
      "gross": 755818.1574999999,
      "fees": -897.9852000000001,
      "funding": -142841.0499,
      "net": 612079.1223,
      "short_n": 0,
      "short_net": 0.0
    },
    "2022": {
      "n": 40,
      "gross": -23844.798,
      "fees": -387.8835,
      "funding": -255.80100000000002,
      "net": -24488.482300000003,
      "short_n": 0,
      "short_net": 0.0
    },
    "2023-2024": {
      "n": 102,
      "gross": 89558.52699999999,
      "fees": -1064.8119,
      "funding": -17843.781300000002,
      "net": 70649.9342,
      "short_n": 0,
      "short_net": 0.0
    },
    "2025-2026": {
      "n": 41,
      "gross": -9608.004000000003,
      "fees": -405.3603,
      "funding": -1414.7522999999999,
      "net": -11428.116600000001,
      "short_n": 0,
      "short_net": 0.0
    }
  },
  "flat_share": {
    "2020-2021": 0.42219178082191783,
    "2022": 0.8564383561643836,
    "2023-2024": 0.36689466484268124,
    "2025-2026": 0.5872340425531914,
    "overall": 0.5090055484421682
  }
}