{
  "F1_pos": {
    "1": {
      "n": 98,
      "fund_med": 0.019403613888075,
      "fund_mean": 0.02425239607054438,
      "price_med": -0.0680093880833868,
      "price_mean": -0.39258049860700506,
      "total_med": -0.0430782529033118,
      "total_mean": -0.3683281025364607,
      "total_std": 3.563585345436392,
      "uncond": {
        "mean": 0.04261594561952143,
        "median": 0.01303950971444778
      }
    },
    "3": {
      "n": 98,
      "fund_med": 0.06551951174183501,
      "fund_mean": 0.07627726318755867,
      "price_med": 0.04641567818462757,
      "price_mean": -0.9525964403608705,
      "total_med": 0.0630564898310772,
      "total_mean": -0.876319177173312,
      "total_std": 5.940655486149246,
      "uncond": {
        "mean": 0.12958666637509778,
        "median": -0.032878513891170774
      }
    },
    "6": {
      "n": 98,
      "fund_med": 0.133660514691405,
      "fund_mean": 0.15261260841221286,
      "price_med": -0.2841059114895429,
      "price_mean": -1.8134561920820558,
      "total_med": -0.15567182274321675,
      "total_mean": -1.660843583669843,
      "total_std": 11.466789048423395,
      "uncond": {
        "mean": 0.2629956111919831,
        "median": -0.049418331656414856
      }
    },
    "12": {
      "n": 98,
      "fund_med": 0.24981686700947997,
      "fund_mean": 0.2869580240951997,
      "price_med": 0.2377569347057078,
      "price_mean": -3.351626498205811,
      "total_med": 0.6302088604525158,
      "total_mean": -3.0646684741106123,
      "total_std": 17.711276940907414,
      "uncond": {
        "mean": 0.5486222268298081,
        "median": -0.22523447058566526
      }
    },
    "24": {
      "n": 98,
      "fund_med": 0.47519176793796003,
      "fund_mean": 0.5335124425944714,
      "price_med": 0.42584395982712414,
      "price_mean": -6.263092499826413,
      "total_med": 1.0710362983902577,
      "total_mean": -5.729580057231942,
      "total_std": 24.843056061854305,
      "uncond": {
        "mean": 1.1529371456321535,
        "median": -0.4443797151480491
      }
    }
  },
  "F1_neg": {
    "1": {
      "n": 139,
      "fund_med": -0.00145190238585,
      "fund_mean": -0.0029826687465705033,
      "price_med": 0.12669253305882766,
      "price_mean": -0.3057253156231873,
      "total_med": 0.12476052041659588,
      "total_mean": -0.3087079843697577,
      "total_std": 2.837364392932253,
      "uncond": {
        "mean": 0.04261594561952143,
        "median": 0.01303950971444778
      }
    },
    "3": {
      "n": 139,
      "fund_med": -0.0022610654420600006,
      "fund_mean": -0.003373731384712518,
      "price_med": 0.13970661610617827,
      "price_mean": -0.23715364457218388,
      "total_med": 0.13106322465311826,
      "total_mean": -0.24052737595689636,
      "total_std": 4.829866944718469,
      "uncond": {
        "mean": 0.12958666637509778,
        "median": -0.032878513891170774
      }
    },
    "6": {
      "n": 139,
      "fund_med": -0.0073892201301400005,
      "fund_mean": -0.008996359121347768,
      "price_med": 0.03086419753087365,
      "price_mean": -0.020711214912988416,
      "total_med": -0.004084665179796349,
      "total_mean": -0.029707574034336073,
      "total_std": 6.239203571915325,
      "uncond": {
        "mean": 0.2629956111919831,
        "median": -0.049418331656414856
      }
    },
    "12": {
      "n": 139,
      "fund_med": -0.019720102463330003,
      "fund_mean": -0.025826153449513313,
      "price_med": 0.6740130523162572,
      "price_mean": -0.17587918845839176,
      "total_med": 0.6768228762179188,
      "total_mean": -0.20170534190790493,
      "total_std": 8.427510431598503,
      "uncond": {
        "mean": 0.5486222268298081,
        "median": -0.22523447058566526
      }
    },
    "24": {
      "n": 139,
      "fund_med": -0.05398667621227,
      "fund_mean": -0.07318336143543958,
      "price_med": -0.37281330656724454,
      "price_mean": 0.4710960807106382,
      "total_med": -0.4558314521217405,
      "total_mean": 0.3979127192751988,
      "total_std": 15.297055126862375,
      "uncond": {
        "mean": 1.1529371456321535,
        "median": -0.4443797151480491
      }
    }
  },
  "F2_pos": {
    "1": {
      "n": 26,
      "fund_med": 0.03986139406762,
      "fund_mean": 0.03728472491119154,
      "price_med": 0.012073070372900722,
      "price_mean": -0.5575019807084993,
      "total_med": 0.05129913949150572,
      "total_mean": -0.5202172557973077,
      "total_std": 3.6127013114569113,
      "uncond": {
        "mean": 0.04261594561952143,
        "median": 0.01303950971444778
      }
    },
    "3": {
      "n": 26,
      "fund_med": 0.100659731721855,
      "fund_mean": 0.10379914840574268,
      "price_med": -0.25836268270139373,
      "price_mean": -1.427955050947311,
      "total_med": -0.16722063613593874,
      "total_mean": -1.3241559025415677,
      "total_std": 8.253991268023057,
      "uncond": {
        "mean": 0.12958666637509778,
        "median": -0.032878513891170774
      }
    },
    "6": {
      "n": 26,
      "fund_med": 0.18941065666623,
      "fund_mean": 0.2080882403907958,
      "price_med": -0.7484294820349884,
      "price_mean": -2.3401035131078944,
      "total_med": -0.4527358627866733,
      "total_mean": -2.1320152727170987,
      "total_std": 12.26934872520117,
      "uncond": {
        "mean": 0.2629956111919831,
        "median": -0.049418331656414856
      }
    },
    "12": {
      "n": 26,
      "fund_med": 0.34796254489716993,
      "fund_mean": 0.3645656223078411,
      "price_med": 0.7465167067045217,
      "price_mean": -0.9922056427675181,
      "total_med": 1.206828770618317,
      "total_mean": -0.6276400204596769,
      "total_std": 16.61902859936341,
      "uncond": {
        "mean": 0.5486222268298081,
        "median": -0.22523447058566526
      }
    },
    "24": {
      "n": 26,
      "fund_med": 0.65018097761782,
      "fund_mean": 0.6413708386757067,
      "price_med": 1.6295293066526815,
      "price_mean": -1.720476308774513,
      "total_med": 2.4795438115866415,
      "total_mean": -1.079105470098806,
      "total_std": 19.160921209481298,
      "uncond": {
        "mean": 1.1529371456321535,
        "median": -0.4443797151480491
      }
    }
  },
  "F2_neg": {
    "1": {
      "n": 18,
      "fund_med": 0.00276321218184,
      "fund_mean": 0.003912034491332778,
      "price_med": 0.7594513358676857,
      "price_mean": 1.3476163925845752,
      "total_med": 0.7604083754487956,
      "total_mean": 1.3515284270759083,
      "total_std": 2.7685770645345666,
      "uncond": {
        "mean": 0.04261594561952143,
        "median": 0.01303950971444778
      }
    },
    "3": {
      "n": 18,
      "fund_med": 0.00269381709776,
      "fund_mean": 0.002786560427925,
      "price_med": 0.7395787478571525,
      "price_mean": 1.465193651669414,
      "total_med": 0.7552635948077175,
      "total_mean": 1.467980212097339,
      "total_std": 5.721374394952218,
      "uncond": {
        "mean": 0.12958666637509778,
        "median": -0.032878513891170774
      }
    },
    "6": {
      "n": 18,
      "fund_med": -0.0005659174681550004,
      "fund_mean": 0.0011650891270944463,
      "price_med": 2.826925164515497,
      "price_mean": 2.6263294783331146,
      "total_med": 2.793787524447022,
      "total_mean": 2.6274945674602086,
      "total_std": 7.128352786323904,
      "uncond": {
        "mean": 0.2629956111919831,
        "median": -0.049418331656414856
      }
    },
    "12": {
      "n": 18,
      "fund_med": -0.019770841281805,
      "fund_mean": -0.008399236777364443,
      "price_med": 1.027925562544768,
      "price_mean": 0.7774495063616064,
      "total_med": 1.011644323175613,
      "total_mean": 0.7690502695842419,
      "total_std": 7.2114339507076375,
      "uncond": {
        "mean": 0.5486222268298081,
        "median": -0.22523447058566526
      }
    },
    "24": {
      "n": 18,
      "fund_med": -0.04205937033373,