{
  "F1_pos": {
    "1": {
      "n": 86,
      "fund_med": 0.018707082538975003,
      "fund_mean": 0.022030359108315235,
      "price_med": -0.08302401383393893,
      "price_mean": -0.057514629778893066,
      "total_med": -0.07333571285552892,
      "total_mean": -0.035484270670577855,
      "total_std": 1.2648674926875536,
      "uncond": {
        "mean": 0.030270952527628146,
        "median": 0.042724196277505004
      }
    },
    "3": {
      "n": 85,
      "fund_med": 0.05617315975906,
      "fund_mean": 0.06406289525025047,
      "price_med": -0.43276706862658354,
      "price_mean": -0.4523213178783119,
      "total_med": -0.36755083837150354,
      "total_mean": -0.3882584226280615,
      "total_std": 2.431101093622291,
      "uncond": {
        "mean": 0.09315546130678191,
        "median": 0.06547788679449566
      }
    },
    "6": {
      "n": 85,
      "fund_med": 0.10425619228326001,
      "fund_mean": 0.12475128073036647,
      "price_med": -1.0105168269230802,
      "price_mean": -0.8272802125746299,
      "total_med": -0.841379597796877,
      "total_mean": -0.7025289318442633,
      "total_std": 3.6199884155495976,
      "uncond": {
        "mean": 0.18802139486486355,
        "median": 0.0792846721190269
      }
    },
    "12": {
      "n": 85,
      "fund_med": 0.20393616053258004,
      "fund_mean": 0.235808762535023,
      "price_med": -1.229181616866911,
      "price_mean": -1.3903798950770885,
      "total_med": -1.015420200444503,
      "total_mean": -1.1545711325420656,
      "total_std": 5.192177132065412,
      "uncond": {
        "mean": 0.3795592916218765,
        "median": 0.21962776129801778
      }
    },
    "24": {
      "n": 84,
      "fund_med": 0.40326181679493,
      "fund_mean": 0.4541065951649276,
      "price_med": -1.4392538323623478,
      "price_mean": -2.963052224680535,
      "total_med": -1.0487409188100079,
      "total_mean": -2.508945629515607,
      "total_std": 7.387969677558624,
      "uncond": {
        "mean": 0.764431483466197,
        "median": 0.20211985704369645
      }
    }
  },
  "F1_neg": {
    "1": {
      "n": 120,
      "fund_med": 0.00018033940754,
      "fund_mean": 0.0011829904448890833,
      "price_med": 0.0108578459207433,
      "price_mean": 0.015965225847956847,
      "total_med": 0.005951410104808301,
      "total_mean": 0.0171482162928459,
      "total_std": 2.2027788780988007,
      "uncond": {
        "mean": 0.030270952527628146,
        "median": 0.042724196277505004
      }
    },
    "3": {
      "n": 120,
      "fund_med": -0.0023333257007849993,
      "fund_mean": -0.00019196875239058323,
      "price_med": 0.4484167374110817,
      "price_mean": 0.016269230740418104,
      "total_med": 0.4517884213652267,
      "total_mean": 0.016077261988027627,
      "total_std": 4.588072904852472,
      "uncond": {
        "mean": 0.09315546130678191,
        "median": 0.06547788679449566
      }
    },
    "6": {
      "n": 120,
      "fund_med": -0.0027855995282350006,
      "fund_mean": -0.0029671856591269993,
      "price_med": 0.09689616766916725,
      "price_mean": -0.30276500636264586,
      "total_med": 0.09822767270898225,
      "total_mean": -0.30573219202177276,
      "total_std": 4.809766768376461,
      "uncond": {
        "mean": 0.18802139486486355,
        "median": 0.0792846721190269
      }
    },
    "12": {
      "n": 120,
      "fund_med": -0.004961168164795,
      "fund_mean": -0.012407670498126416,
      "price_med": 0.4470895681120406,
      "price_mean": -0.5633441602940146,
      "total_med": 0.4240403720933756,
      "total_mean": -0.5757518307921409,
      "total_std": 6.533320832176649,
      "uncond": {
        "mean": 0.3795592916218765,
        "median": 0.21962776129801778
      }
    },
    "24": {
      "n": 120,
      "fund_med": -0.018582942239269998,
      "fund_mean": -0.040636848522679084,
      "price_med": -1.0374921002326034,
      "price_mean": -1.3326142661557896,
      "total_med": -1.0168446353105485,
      "total_mean": -1.3732511146784683,
      "total_std": 9.765369871349762,
      "uncond": {
        "mean": 0.764431483466197,
        "median": 0.20211985704369645
      }
    }
  },
  "F2_pos": {
    "1": {
      "n": 28,
      "fund_med": 0.02553794381929,
      "fund_mean": 0.025827250731334277,
      "price_med": -0.11914836829940553,
      "price_mean": -0.23371533046872492,
      "total_med": -0.09104596928455053,
      "total_mean": -0.2078880797373906,
      "total_std": 1.5747438791486066,
      "uncond": {
        "mean": 0.030270952527628146,
        "median": 0.042724196277505004
      }
    },
    "3": {
      "n": 27,
      "fund_med": 0.06826388758173998,
      "fund_mean": 0.07900107598549297,
      "price_med": -0.3711428667426443,
      "price_mean": -0.4711827341665759,
      "total_med": -0.2352896554456943,
      "total_mean": -0.392181658181083,
      "total_std": 3.250411510776414,
      "uncond": {
        "mean": 0.09315546130678191,
        "median": 0.06547788679449566
      }
    },
    "6": {
      "n": 27,
      "fund_med": 0.11876037367958998,
      "fund_mean": 0.14446392458539295,
      "price_med": -0.9547365945315887,
      "price_mean": -0.05653004778115268,
      "total_med": -0.7168110271397387,
      "total_mean": 0.08793387680424031,
      "total_std": 4.175192749095249,
      "uncond": {
        "mean": 0.18802139486486355,
        "median": 0.0792846721190269
      }
    },
    "12": {
      "n": 27,
      "fund_med": 0.25920469351192993,
      "fund_mean": 0.2709995674798485,
      "price_med": -0.308223720251642,
      "price_mean": -0.7095747814829801,
      "total_med": -0.052146886103660195,
      "total_mean": -0.4385752140031318,
      "total_std": 6.4042324448044905,
      "uncond": {
        "mean": 0.3795592916218765,
        "median": 0.21962776129801778
      }
    },
    "24": {
      "n": 26,
      "fund_med": 0.559210386952655,
      "fund_mean": 0.5293743094321435,
      "price_med": -0.8070231129040286,
      "price_mean": -1.917563657262936,
      "total_med": -0.4670349828110936,
      "total_mean": -1.3881893478307923,
      "total_std": 6.46792362964255,
      "uncond": {
        "mean": 0.764431483466197,
        "median": 0.20211985704369645
      }
    }
  },
  "F2_neg": {
    "1": {
      "n": 28,
      "fund_med": 0.00198345009979,
      "fund_mean": 0.0013987379858864286,
      "price_med": 0.16745016866261064,
      "price_mean": -0.09489918548435186,
      "total_med": 0.16443174466514063,
      "total_mean": -0.09350044749846535,
      "total_std": 2.6272288899145217,
      "uncond": {
        "mean": 0.030270952527628146,
        "median": 0.042724196277505004
      }
    },
    "3": {
      "n": 28,
      "fund_med": 0.0017979761391999998,
      "fund_mean": 0.0044324400920100005,
      "price_med": -0.39261821306844374,
      "price_mean": -0.855021996704339,
      "total_med": -0.39354720659354875,
      "total_mean": -0.8505895566123289,
      "total_std": 4.648929203385105,
      "uncond": {
        "mean": 0.09315546130678191,
        "median": 0.06547788679449566
      }
    },
    "6": {
      "n": 28,
      "fund_med": 0.00627715199983,
      "fund_mean": 0.007458803518056072,
      "price_med": -0.6948636254287968,
      "price_mean": -0.3521530574625564,
      "total_med": -0.6895016426797769,
      "total_mean": -0.34469425394450026,
      "total_std": 3.924215505881076,
      "uncond": {
        "mean": 0.18802139486486355,
        "median": 0.0792846721190269
      }
    },
    "12": {
      "n": 28,
      "fund_med": 0.0047954467300849995,
      "fund_mean": 0.007092604176376429,
      "price_med": -0.4258859727030234,
      "price_mean": 0.09925813730121938,
      "total_med": -0.4150571353562734,
      "total_mean": 0.10635074147759584,
      "total_std": 5.202788013597471,
      "uncond": {
        "mean": 0.3795592916218765,
        "median": 0.21962776129801778
      }
    },
    "24": {
      "n": 28,