{
  "F1_pos": {
    "1": {
      "n": 72,
      "fund_med": 0.025036502512184998,
      "fund_mean": 0.02436887107308875,
      "price_med": -0.2671965039070411,
      "price_mean": -0.0336474067088114,
      "total_med": -0.24923053737514606,
      "total_mean": -0.009278535635722661,
      "total_std": 2.6307782108137423,
      "uncond": {
        "mean": 0.04357778879698957,
        "median": 0.023369946249131433
      }
    },
    "3": {
      "n": 72,
      "fund_med": 0.072777317113455,
      "fund_mean": 0.07584007507716792,
      "price_med": 0.5078401215995827,
      "price_mean": -0.5361353492701391,
      "total_med": 0.6140178419664584,
      "total_mean": -0.4602952741929711,
      "total_std": 6.408781908565061,
      "uncond": {
        "mean": 0.13152265392713816,
        "median": -0.015279616990934672
      }
    },
    "6": {
      "n": 72,
      "fund_med": 0.11889689213307,
      "fund_mean": 0.14218009656751582,
      "price_med": -0.47334272657823007,
      "price_mean": -1.067018861564338,
      "total_med": -0.348071639494325,
      "total_mean": -0.924838764996822,
      "total_std": 7.7596733406979395,
      "uncond": {
        "mean": 0.25924888685146025,
        "median": -0.030870257243620376
      }
    },
    "12": {
      "n": 72,
      "fund_med": 0.202761094744025,
      "fund_mean": 0.26646694473969934,
      "price_med": -0.22419476404193905,
      "price_mean": -2.032376625274795,
      "total_med": 0.1611242292248959,
      "total_mean": -1.7659096805350951,
      "total_std": 10.262824971387076,
      "uncond": {
        "mean": 0.5129574855550598,
        "median": -0.1669650556262327
      }
    },
    "24": {
      "n": 72,
      "fund_med": 0.34173742074124003,
      "fund_mean": 0.4900580003586129,
      "price_med": -1.5770929940322327,
      "price_mean": -3.083843956124754,
      "total_med": -0.8458099564840956,
      "total_mean": -2.593785955766141,
      "total_std": 13.834690711188255,
      "uncond": {
        "mean": 1.0128445846407244,
        "median": -0.15708116384429016
      }
    }
  },
  "F1_neg": {
    "1": {
      "n": 132,
      "fund_med": 0.001266699196875,
      "fund_mean": 0.0012292916903282572,
      "price_med": 0.09488648309046045,
      "price_mean": 0.1101886990045759,
      "total_med": 0.09713083689541045,
      "total_mean": 0.11141799069490411,
      "total_std": 2.5646963061946906,
      "uncond": {
        "mean": 0.04357778879698957,
        "median": 0.023369946249131433
      }
    },
    "3": {
      "n": 131,
      "fund_med": 0.0010612548148700007,
      "fund_mean": 0.0013923081088300004,
      "price_med": -0.18899304505594464,
      "price_mean": -0.0472980741563475,
      "total_med": -0.19285344099307464,
      "total_mean": -0.04590576604751752,
      "total_std": 4.3299689718583165,
      "uncond": {
        "mean": 0.13152265392713816,
        "median": -0.015279616990934672
      }
    },
    "6": {
      "n": 131,
      "fund_med": -0.006167867744619998,
      "fund_mean": -0.001359432417510917,
      "price_med": 0.21768251841928835,
      "price_mean": 0.6036569418332586,
      "total_med": 0.23313545954756834,
      "total_mean": 0.6022975094157479,
      "total_std": 5.964472008119358,
      "uncond": {
        "mean": 0.25924888685146025,
        "median": -0.030870257243620376
      }
    },
    "12": {
      "n": 131,
      "fund_med": -0.01613796569854,
      "fund_mean": -0.014620717228308247,
      "price_med": 0.2985074626865532,
      "price_mean": 0.4845681038372466,
      "total_med": 0.3146669634855132,
      "total_mean": 0.46994738660893814,
      "total_std": 8.794071755592295,
      "uncond": {
        "mean": 0.5129574855550598,
        "median": -0.1669650556262327
      }
    },
    "24": {
      "n": 130,
      "fund_med": -0.036329395382354995,
      "fund_mean": -0.041292210632383385,
      "price_med": -0.8225221286178719,
      "price_mean": -0.6823456824055291,
      "total_med": -0.8770987610120218,
      "total_mean": -0.7236378930379121,
      "total_std": 11.584399323666695,
      "uncond": {
        "mean": 1.0128445846407244,
        "median": -0.15708116384429016
      }
    }
  },
  "F2_pos": {
    "1": {
      "n": 25,
      "fund_med": 0.038646278007739995,
      "fund_mean": 0.039834354000228396,
      "price_med": 0.7486920440194856,
      "price_mean": -0.05092616859962796,
      "total_med": 0.7676862919505756,
      "total_mean": -0.01109181459939954,
      "total_std": 3.987534067889389,
      "uncond": {
        "mean": 0.04357778879698957,
        "median": 0.023369946249131433
      }
    },
    "3": {
      "n": 25,
      "fund_med": 0.09091405410865,
      "fund_mean": 0.103499935481416,
      "price_med": 1.5763484426436996,
      "price_mean": -0.19457267688748614,
      "total_med": 1.6834159834256996,
      "total_mean": -0.09107274140607025,
      "total_std": 4.9627557847759345,
      "uncond": {
        "mean": 0.13152265392713816,
        "median": -0.015279616990934672
      }
    },
    "6": {
      "n": 25,
      "fund_med": 0.19344992405879,
      "fund_mean": 0.19152826616500238,
      "price_med": 0.24241335966959282,
      "price_mean": -1.6014853577801267,
      "total_med": 0.2852014838052428,
      "total_mean": -1.4099570916151238,
      "total_std": 7.189676030210079,
      "uncond": {
        "mean": 0.25924888685146025,
        "median": -0.030870257243620376
      }
    },
    "12": {
      "n": 25,
      "fund_med": 0.33479274452406005,
      "fund_mean": 0.36371405959744324,
      "price_med": -2.19069850960675,
      "price_mean": -2.5637818281830085,
      "total_med": -1.8135846867792158,
      "total_mean": -2.200067768585565,
      "total_std": 9.656432768402158,
      "uncond": {
        "mean": 0.5129574855550598,
        "median": -0.1669650556262327
      }
    },
    "24": {
      "n": 25,
      "fund_med": 0.6604932157413699,
      "fund_mean": 0.6805560437751066,
      "price_med": -1.652002154785413,
      "price_mean": -2.7931362140628995,
      "total_med": -1.2861040362003264,
      "total_mean": -2.1125801702877927,
      "total_std": 11.929157579961718,
      "uncond": {
        "mean": 1.0128445846407244,
        "median": -0.15708116384429016
      }
    }
  },
  "F2_neg": {
    "1": {
      "n": 16,
      "fund_med": 0.00622024357603,
      "fund_mean": 0.008084851584665,
      "price_med": -0.4085689182823422,
      "price_mean": -1.881384793162391,
      "total_med": -0.4096793532403372,
      "total_mean": -1.873299941577726,
      "total_std": 4.465867356287844,
      "uncond": {
        "mean": 0.04357778879698957,
        "median": 0.023369946249131433
      }
    },
    "3": {
      "n": 16,
      "fund_med": 0.02262048670814,
      "fund_mean": 0.021095897371918124,
      "price_med": -1.160562812647223,
      "price_mean": -1.0597813817742792,
      "total_med": -1.1302822147248828,
      "total_mean": -1.038685484402361,
      "total_std": 4.876912652800693,
      "uncond": {
        "mean": 0.13152265392713816,
        "median": -0.015279616990934672
      }
    },
    "6": {
      "n": 16,
      "fund_med": 0.014480793053575,
      "fund_mean": 0.022201276683994374,
      "price_med": 0.29441996979194274,
      "price_mean": 0.40685594860698815,
      "total_med": 0.31750683160432275,
      "total_mean": 0.42905722529098245,
      "total_std": 9.710289660284289,
      "uncond": {
        "mean": 0.25924888685146025,
        "median": -0.030870257243620376
      }
    },
    "12": {
      "n": 16,
      "fund_med": 0.024092843883034995,
      "fund_mean": 0.007597482939872495,
      "price_med": 3.7632119164354183,
      "price_mean": 2.822170859236684,
      "total_med": 3.7805624431104636,
      "total_mean": 2.829768342176557,
      "total_std": 13.171069490987433,
      "uncond": {
        "mean": 0.5129574855550598,
        "median": -0.1669650556262327
      }
    },
    "24": {
      "n": 16,
      "fund_med": 0.016652267467399996,