{
  "span_years": 3.4057723020762034,
  "n_1h_bars": 29856,
  "n_low_entries": 292,
  "n_high_entries": 275,
  "low_entries_per_year": 85.73679450678279,
  "uncond_rv_mean": 0.004377693797218187,
  "uncond_rv_median": 0.003998687480900402,
  "part1": {
    "6": {
      "low_rv_kplus": {
        "n": 292,
        "mean": 0.0026355754085697325,
        "median": 0.0024928810381826443,
        "std": 0.0012113512625642555
      },
      "high_rv_kplus": {
        "n": 275,
        "mean": 0.00640172249157555,
        "median": 0.00625777812145573,
        "std": 0.0016641649799377573
      },
      "p_highvol_within_given_low": 0.0136986301369863,
      "p_highvol_within_uncond": 0.2567631145612797,
      "dP_high_lift": -0.2430644844242934,
      "p_revert_below_p50_given_high": 0.01818181818181818
    },
    "12": {
      "low_rv_kplus": {
        "n": 292,
        "mean": 0.00276929762197172,
        "median": 0.002574223870382255,
        "std": 0.0014054027821952086
      },
      "high_rv_kplus": {
        "n": 275,
        "mean": 0.0065756527436469986,
        "median": 0.006228437755000485,
        "std": 0.002095432986126117
      },
      "p_highvol_within_given_low": 0.0136986301369863,
      "p_highvol_within_uncond": 0.2955294117647059,
      "dP_high_lift": -0.2818307816277196,
      "p_revert_below_p50_given_high": 0.03636363636363636
    },
    "24": {
      "low_rv_kplus": {
        "n": 292,
        "mean": 0.003256907853288941,
        "median": 0.0031486264616025616,
        "std": 0.0017405779382746434
      },
      "high_rv_kplus": {
        "n": 275,
        "mean": 0.005592268388967903,
        "median": 0.005118741455339581,
        "std": 0.0027711916013840755
      },
      "p_highvol_within_given_low": 0.05821917808219178,
      "p_highvol_within_uncond": 0.36319052102950405,
      "dP_high_lift": -0.30497134294731226,
      "p_revert_below_p50_given_high": 0.2872727272727273
    },
    "48": {
      "low_rv_kplus": {
        "n": 292,
        "mean": 0.0040424311164788075,
        "median": 0.0036143715639703027,
        "std": 0.0021005623927212148
      },
      "high_rv_kplus": {
        "n": 275,
        "mean": 0.005074444857083497,
        "median": 0.004512131087852085,
        "std": 0.0026218173128476
      },
      "p_highvol_within_given_low": 0.2191780821917808,
      "p_highvol_within_uncond": 0.474473766886585,
      "dP_high_lift": -0.2552956846948042,
      "p_revert_below_p50_given_high": 0.5636363636363636
    }
  },
  "part2": {
    "6": {
      "cap_net": {
        "n": 292,
        "mean": 0.6424863945825394,
        "median": 0.3989461742538114,
        "std": 0.8722651448667682
      },
      "cap_exc": {
        "n": 292,
        "mean": 1.031846018063414,
        "median": 0.7449746242008999,
        "std": 0.9916462969137646
      },
      "uncond_cap_net": {
        "n": 25506,
        "mean": 0.7919357718224014,
        "median": 0.4966208998248234,
        "std": 0.9010861682339704
      },
      "cost_pct": 0.2,
      "net_after_cost_mean": 0.4424863945825394,
      "increment_vs_uncond": -0.14944937723986196
    },
    "12": {
      "cap_net": {
        "n": 292,
        "mean": 0.876741798219229,
        "median": 0.5639595519709995,
        "std": 1.052965797721235
      },
      "cap_exc": {
        "n": 292,
        "mean": 1.4451749704874364,
        "median": 1.1204016155531469,
        "std": 1.236020324845781
      },
      "uncond_cap_net": {
        "n": 25500,
        "mean": 1.1571208343217365,
        "median": 0.7652450309340475,
        "std": 1.2396349667957662
      },
      "cost_pct": 0.2,
      "net_after_cost_mean": 0.676741798219229,
      "increment_vs_uncond": -0.2803790361025075
    },
    "24": {
      "cap_net": {
        "n": 292,
        "mean": 1.3411795183338469,
        "median": 0.9060661185182561,
        "std": 1.3500655344894787
      },
      "cap_exc": {
        "n": 292,
        "mean": 2.154128958228886,
        "median": 1.7801755344024217,
        "std": 1.5018701629887543
      },
      "uncond_cap_net": {
        "n": 25488,
        "mean": 1.6764575652771674,
        "median": 1.1582695155659684,
        "std": 1.6858558713558167
      },
      "cost_pct": 0.2,
      "net_after_cost_mean": 1.141179518333847,
      "increment_vs_uncond": -0.33527804694332053
    },
    "48": {
      "cap_net": {
        "n": 292,
        "mean": 2.193869102227766,
        "median": 1.7963014291863644,
        "std": 1.8628386804710968
      },
      "cap_exc": {
        "n": 292,
        "mean": 3.608776042310411,
        "median": 3.0841413737468026,
        "std": 2.1709062007830937
      },
      "uncond_cap_net": {
        "n": 25464,
        "mean": 2.3893070416664233,
        "median": 1.754678688143374,
        "std": 2.2437741103484594
      },
      "cost_pct": 0.2,
      "net_after_cost_mean": 1.9938691022277661,
      "increment_vs_uncond": -0.19543793943865717
    }
  }
}