{
  "span_years": 3.4057723020762034,
  "n_1h_bars": 29856,
  "n_low_entries": 317,
  "n_high_entries": 227,
  "low_entries_per_year": 93.0772734885279,
  "uncond_rv_mean": 0.0084569015303758,
  "uncond_rv_median": 0.007368920144525568,
  "part1": {
    "6": {
      "low_rv_kplus": {
        "n": 317,
        "mean": 0.005238062090846122,
        "median": 0.005211382012825153,
        "std": 0.0019123612658279963
      },
      "high_rv_kplus": {
        "n": 227,
        "mean": 0.01239848178837313,
        "median": 0.012015219399670946,
        "std": 0.004210844666052218
      },
      "p_highvol_within_given_low": 0.00946372239747634,
      "p_highvol_within_uncond": 0.23708147102642516,
      "dP_high_lift": -0.22761774862894882,
      "p_revert_below_p50_given_high": 0.022026431718061675
    },
    "12": {
      "low_rv_kplus": {
        "n": 317,
        "mean": 0.005595427244638684,
        "median": 0.0052793135431764586,
        "std": 0.002390505863550636
      },
      "high_rv_kplus": {
        "n": 227,
        "mean": 0.0125242365660625,
        "median": 0.01207631839340303,
        "std": 0.004756244711248228
      },
      "p_highvol_within_given_low": 0.028391167192429023,
      "p_highvol_within_uncond": 0.26956862745098037,
      "dP_high_lift": -0.24117746025855136,
      "p_revert_below_p50_given_high": 0.06607929515418502
    },
    "24": {
      "low_rv_kplus": {
        "n": 317,
        "mean": 0.0066139942551050115,
        "median": 0.006115158068562797,
        "std": 0.0032000604334979695
      },
      "high_rv_kplus": {
        "n": 227,
        "mean": 0.01112551664847918,
        "median": 0.009934381824609026,
        "std": 0.0057455712819714354
      },
      "p_highvol_within_given_low": 0.07570977917981073,
      "p_highvol_within_uncond": 0.32164155681104833,
      "dP_high_lift": -0.2459317776312376,
      "p_revert_below_p50_given_high": 0.2290748898678414
    },
    "48": {
      "low_rv_kplus": {
        "n": 316,
        "mean": 0.00712000436593779,
        "median": 0.006613565796619389,
        "std": 0.003829944023310034
      },
      "high_rv_kplus": {
        "n": 227,
        "mean": 0.010208813740416614,
        "median": 0.009179557441289012,
        "std": 0.005598691922997665
      },
      "p_highvol_within_given_low": 0.16455696202531644,
      "p_highvol_within_uncond": 0.4096764059063776,
      "dP_high_lift": -0.24511944388106116,
      "p_revert_below_p50_given_high": 0.4933920704845815
    }
  },
  "part2": {
    "6": {
      "cap_net": {
        "n": 317,
        "mean": 1.1605320827615468,
        "median": 0.8222981631781368,
        "std": 1.1260870472197395
      },
      "cap_exc": {
        "n": 317,
        "mean": 2.0179334852272497,
        "median": 1.6755621664187592,
        "std": 1.316731644167303
      },
      "uncond_cap_net": {
        "n": 25506,
        "mean": 1.5484703408189806,
        "median": 1.011311741447296,
        "std": 1.773663347630961
      },
      "cost_pct": 0.2,
      "net_after_cost_mean": 0.9605320827615469,
      "increment_vs_uncond": -0.38793825805743376
    },
    "12": {
      "cap_net": {
        "n": 317,
        "mean": 1.653841751283516,
        "median": 1.2590989573086797,
        "std": 1.6587683784894274
      },
      "cap_exc": {
        "n": 317,
        "mean": 2.85909831086834,
        "median": 2.426215277777783,
        "std": 1.8393066317429987
      },
      "uncond_cap_net": {
        "n": 25500,
        "mean": 2.2509771689886646,
        "median": 1.5313707701704538,
        "std": 2.441738152834743
      },
      "cost_pct": 0.2,
      "net_after_cost_mean": 1.453841751283516,
      "increment_vs_uncond": -0.5971354177051487
    },
    "24": {
      "cap_net": {
        "n": 317,
        "mean": 2.5550747127413054,
        "median": 1.8024630943642483,
        "std": 2.626859621126019
      },
      "cap_exc": {
        "n": 317,
        "mean": 4.360247431345496,
        "median": 3.6842718899382025,
        "std": 2.889775945345311
      },
      "uncond_cap_net": {
        "n": 25488,
        "mean": 3.265032737541637,
        "median": 2.2785414427643036,
        "std": 3.4458694359817406
      },
      "cost_pct": 0.2,
      "net_after_cost_mean": 2.355074712741305,
      "increment_vs_uncond": -0.7099580248003314
    },
    "48": {
      "cap_net": {
        "n": 316,
        "mean": 3.830564614140962,
        "median": 2.6317389352531917,
        "std": 3.882551702702512
      },
      "cap_exc": {
        "n": 316,
        "mean": 6.578859336474188,
        "median": 5.183872208861411,
        "std": 4.5758853499748815
      },
      "uncond_cap_net": {
        "n": 25464,
        "mean": 4.651115987303039,
        "median": 3.180832280352547,
        "std": 5.088135728223479
      },
      "cost_pct": 0.2,
      "net_after_cost_mean": 3.6305646141409618,
      "increment_vs_uncond": -0.8205513731620773
    }
  }
}