{
  "span_years": 3.4057723020762034,
  "n_1h_bars": 29856,
  "n_low_entries": 308,
  "n_high_entries": 279,
  "low_entries_per_year": 90.43470105509965,
  "uncond_rv_mean": 0.005968468074905463,
  "uncond_rv_median": 0.005373238462001594,
  "part1": {
    "6": {
      "low_rv_kplus": {
        "n": 308,
        "mean": 0.003848697182377535,
        "median": 0.0038009362466717763,
        "std": 0.0014220403034204934
      },
      "high_rv_kplus": {
        "n": 279,
        "mean": 0.008355113175938272,
        "median": 0.00824506539613311,
        "std": 0.002487051223378238
      },
      "p_highvol_within_given_low": 0.012987012987012988,
      "p_highvol_within_uncond": 0.2710734729083353,
      "dP_high_lift": -0.2580864599213223,
      "p_revert_below_p50_given_high": 0.021505376344086023
    },
    "12": {
      "low_rv_kplus": {
        "n": 308,
        "mean": 0.0042382038440511235,
        "median": 0.004124730077711632,
        "std": 0.0019702815849730725
      },
      "high_rv_kplus": {
        "n": 279,
        "mean": 0.008568147727588384,
        "median": 0.008120066759891739,
        "std": 0.003179109414493993
      },
      "p_highvol_within_given_low": 0.045454545454545456,
      "p_highvol_within_uncond": 0.31380392156862746,
      "dP_high_lift": -0.268349376114082,
      "p_revert_below_p50_given_high": 0.06451612903225806
    },
    "24": {
      "low_rv_kplus": {
        "n": 308,
        "mean": 0.004978589081054224,
        "median": 0.004664060283615868,
        "std": 0.0024885787884046428
      },
      "high_rv_kplus": {
        "n": 279,
        "mean": 0.007105701177011167,
        "median": 0.006535066953575448,
        "std": 0.003405886347893535
      },
      "p_highvol_within_given_low": 0.11688311688311688,
      "p_highvol_within_uncond": 0.38692718141870686,
      "dP_high_lift": -0.27004406453559,
      "p_revert_below_p50_given_high": 0.2831541218637993
    },
    "48": {
      "low_rv_kplus": {
        "n": 307,
        "mean": 0.00539428248126111,
        "median": 0.005118820621699588,
        "std": 0.0024562390825675837
      },
      "high_rv_kplus": {
        "n": 279,
        "mean": 0.006473233378371497,
        "median": 0.005594808230737474,
        "std": 0.0033180417978571266
      },
      "p_highvol_within_given_low": 0.250814332247557,
      "p_highvol_within_uncond": 0.49929311969839774,
      "dP_high_lift": -0.24847878745084073,
      "p_revert_below_p50_given_high": 0.5878136200716846
    }
  },
  "part2": {
    "6": {
      "cap_net": {
        "n": 308,
        "mean": 0.9534807564146198,
        "median": 0.6338000384900511,
        "std": 1.026226013268318
      },
      "cap_exc": {
        "n": 308,
        "mean": 1.628262214191524,
        "median": 1.310116519827453,
        "std": 1.2133083766316244
      },
      "uncond_cap_net": {
        "n": 25506,
        "mean": 1.0957810869328724,
        "median": 0.7027647042325447,
        "std": 1.259772733095647
      },
      "cost_pct": 0.2,
      "net_after_cost_mean": 0.7534807564146198,
      "increment_vs_uncond": -0.14230033051825253
    },
    "12": {
      "cap_net": {
        "n": 308,
        "mean": 1.3503324657496998,
        "median": 0.8832837125821391,
        "std": 1.4270887537645067
      },
      "cap_exc": {
        "n": 308,
        "mean": 2.3761507519298797,
        "median": 1.9237849278813868,
        "std": 1.8462951811918524
      },
      "uncond_cap_net": {
        "n": 25500,
        "mean": 1.6073259410422363,
        "median": 1.0608015324015563,
        "std": 1.7540197279293128
      },
      "cost_pct": 0.2,
      "net_after_cost_mean": 1.1503324657496998,
      "increment_vs_uncond": -0.25699347529253647
    },
    "24": {
      "cap_net": {
        "n": 308,
        "mean": 2.0961209779523786,
        "median": 1.2225443879086861,
        "std": 2.379651152073295
      },
      "cap_exc": {
        "n": 308,
        "mean": 3.537187326082333,
        "median": 2.853609704132105,
        "std": 2.6039244340521615
      },
      "uncond_cap_net": {
        "n": 25488,
        "mean": 2.3256558732560753,
        "median": 1.5848862292804244,
        "std": 2.4190595769985084
      },
      "cost_pct": 0.2,
      "net_after_cost_mean": 1.8961209779523787,
      "increment_vs_uncond": -0.22953489530369664
    },
    "48": {
      "cap_net": {
        "n": 307,
        "mean": 3.0840259484205395,
        "median": 2.251573523680328,
        "std": 3.0524537989555647
      },
      "cap_exc": {
        "n": 307,
        "mean": 5.174850399285462,
        "median": 4.438275958832941,
        "std": 3.4881834878759026
      },
      "uncond_cap_net": {
        "n": 25464,
        "mean": 3.345235229639697,
        "median": 2.403737375874826,
        "std": 3.3036873096170174
      },
      "cost_pct": 0.2,
      "net_after_cost_mean": 2.8840259484205393,
      "increment_vs_uncond": -0.26120928121915776
    }
  }
}