{
  "span_years": 3.4057723020762034,
  "n_1h_bars": 29856,
  "n_low_entries": 342,
  "n_high_entries": 244,
  "low_entries_per_year": 100.41775247027299,
  "uncond_rv_mean": 0.008373911282895373,
  "uncond_rv_median": 0.007411224170253399,
  "part1": {
    "6": {
      "low_rv_kplus": {
        "n": 342,
        "mean": 0.0055793436579178535,
        "median": 0.005402567109514996,
        "std": 0.0016668168032292858
      },
      "high_rv_kplus": {
        "n": 244,
        "mean": 0.012233106311377518,
        "median": 0.01142530353813908,
        "std": 0.003789167436172424
      },
      "p_highvol_within_given_low": 0.014619883040935672,
      "p_highvol_within_uncond": 0.24421704696934055,
      "dP_high_lift": -0.22959716392840487,
      "p_revert_below_p50_given_high": 0.028688524590163935
    },
    "12": {
      "low_rv_kplus": {
        "n": 342,
        "mean": 0.005900643591224101,
        "median": 0.005557596929337256,
        "std": 0.002232166518963525
      },
      "high_rv_kplus": {
        "n": 244,
        "mean": 0.012444561114346766,
        "median": 0.011812080171741988,
        "std": 0.004652216412812316
      },
      "p_highvol_within_given_low": 0.02631578947368421,
      "p_highvol_within_uncond": 0.27925490196078434,
      "dP_high_lift": -0.2529391124871001,
      "p_revert_below_p50_given_high": 0.08196721311475409
    },
    "24": {
      "low_rv_kplus": {
        "n": 342,
        "mean": 0.006671579789678879,
        "median": 0.00604564687210811,
        "std": 0.002944509721840072
      },
      "high_rv_kplus": {
        "n": 244,
        "mean": 0.010738784673569765,
        "median": 0.00959826080339968,
        "std": 0.005499062507446692
      },
      "p_highvol_within_given_low": 0.0847953216374269,
      "p_highvol_within_uncond": 0.3370213433772756,
      "dP_high_lift": -0.25222602173984865,
      "p_revert_below_p50_given_high": 0.26639344262295084
    },
    "48": {
      "low_rv_kplus": {
        "n": 340,
        "mean": 0.0073718360078175406,
        "median": 0.006757483655232339,
        "std": 0.003913020565385601
      },
      "high_rv_kplus": {
        "n": 244,
        "mean": 0.009830923764873984,
        "median": 0.008853286046206381,
        "std": 0.00491108006983788
      },
      "p_highvol_within_given_low": 0.19117647058823528,
      "p_highvol_within_uncond": 0.4308042726987119,
      "dP_high_lift": -0.23962780211047663,
      "p_revert_below_p50_given_high": 0.5450819672131147
    }
  },
  "part2": {
    "6": {
      "cap_net": {
        "n": 342,
        "mean": 1.3453428807663357,
        "median": 0.9643999728686403,
        "std": 1.307255066627949
      },
      "cap_exc": {
        "n": 342,
        "mean": 2.1280142682225134,
        "median": 1.6370158131353387,
        "std": 1.4511304436957813
      },
      "uncond_cap_net": {
        "n": 25506,
        "mean": 1.5495549512521838,
        "median": 1.0779714540739338,
        "std": 1.6691976575580645
      },
      "cost_pct": 0.2,
      "net_after_cost_mean": 1.1453428807663357,
      "increment_vs_uncond": -0.2042120704858481
    },
    "12": {
      "cap_net": {
        "n": 342,
        "mean": 1.8327557157220244,
        "median": 1.3256130624383133,
        "std": 1.6665690830721067
      },
      "cap_exc": {
        "n": 342,
        "mean": 3.0218000977937245,
        "median": 2.4920642274196214,
        "std": 1.9048148498222999
      },
      "uncond_cap_net": {
        "n": 25500,
        "mean": 2.245969129291956,
        "median": 1.6143096768965415,
        "std": 2.283943720137149
      },
      "cost_pct": 0.2,
      "net_after_cost_mean": 1.6327557157220245,
      "increment_vs_uncond": -0.41321341356993146
    },
    "24": {
      "cap_net": {
        "n": 342,
        "mean": 2.6308042784247325,
        "median": 2.1696138925306583,
        "std": 2.36013548303777
      },
      "cap_exc": {
        "n": 342,
        "mean": 4.293198949885455,
        "median": 3.744331864447286,
        "std": 2.536102722089061
      },
      "uncond_cap_net": {
        "n": 25488,
        "mean": 3.244639468669424,
        "median": 2.4053530042868476,
        "std": 3.151319856926012
      },
      "cost_pct": 0.2,
      "net_after_cost_mean": 2.4308042784247323,
      "increment_vs_uncond": -0.6138351902446915
    },
    "48": {
      "cap_net": {
        "n": 340,
        "mean": 4.166092664990424,
        "median": 3.2722584106445076,
        "std": 3.854717414424358
      },
      "cap_exc": {
        "n": 340,
        "mean": 6.913945246444462,
        "median": 5.970935060483903,
        "std": 5.184628632487774
      },
      "uncond_cap_net": {
        "n": 25464,
        "mean": 4.5871130275859535,
        "median": 3.473871120450273,
        "std": 4.315254123284901
      },
      "cost_pct": 0.2,
      "net_after_cost_mean": 3.9660926649904242,
      "increment_vs_uncond": -0.4210203625955291
    }
  }
}