{
  "span_years": 3.4057723020762034,
  "n_1h_bars": 29856,
  "n_low_entries": 385,
  "n_high_entries": 238,
  "low_entries_per_year": 113.04337631887456,
  "uncond_rv_mean": 0.008390273844634475,
  "uncond_rv_median": 0.0074813046828685874,
  "part1": {
    "6": {
      "low_rv_kplus": {
        "n": 385,
        "mean": 0.005465760164836269,
        "median": 0.00539127305248056,
        "std": 0.0013671914273743872
      },
      "high_rv_kplus": {
        "n": 238,
        "mean": 0.012150987137946455,
        "median": 0.011804616361044306,
        "std": 0.0031246645792846754
      },
      "p_highvol_within_given_low": 0.005194805194805195,
      "p_highvol_within_uncond": 0.23139653414882771,
      "dP_high_lift": -0.22620172895402252,
      "p_revert_below_p50_given_high": 0.012605042016806723
    },
    "12": {
      "low_rv_kplus": {
        "n": 385,
        "mean": 0.005810070524840698,
        "median": 0.005642373709258259,
        "std": 0.0017653311045574631
      },
      "high_rv_kplus": {
        "n": 238,
        "mean": 0.01247548606234679,
        "median": 0.011760684850999844,
        "std": 0.004041842820747057
      },
      "p_highvol_within_given_low": 0.012987012987012988,
      "p_highvol_within_uncond": 0.26525490196078433,
      "dP_high_lift": -0.25226788897377134,
      "p_revert_below_p50_given_high": 0.046218487394957986
    },
    "24": {
      "low_rv_kplus": {
        "n": 385,
        "mean": 0.0066600975881571794,
        "median": 0.006373486047789884,
        "std": 0.0023321908373141018
      },
      "high_rv_kplus": {
        "n": 238,
        "mean": 0.010882001173805014,
        "median": 0.009876686254999215,
        "std": 0.0050948962738497985
      },
      "p_highvol_within_given_low": 0.05714285714285714,
      "p_highvol_within_uncond": 0.3221908349026993,
      "dP_high_lift": -0.2650479777598421,
      "p_revert_below_p50_given_high": 0.29411764705882354
    },
    "48": {
      "low_rv_kplus": {
        "n": 384,
        "mean": 0.007359657320182934,
        "median": 0.006894822639307473,
        "std": 0.0031016138999239314
      },
      "high_rv_kplus": {
        "n": 238,
        "mean": 0.01037131063584645,
        "median": 0.008933895274126864,
        "std": 0.005671973185686194
      },
      "p_highvol_within_given_low": 0.18489583333333334,
      "p_highvol_within_uncond": 0.4129751806471882,
      "dP_high_lift": -0.22807934731385485,
      "p_revert_below_p50_given_high": 0.542016806722689
    }
  },
  "part2": {
    "6": {
      "cap_net": {
        "n": 385,
        "mean": 1.2256121335764634,
        "median": 0.8631676514888276,
        "std": 1.181424741739097
      },
      "cap_exc": {
        "n": 385,
        "mean": 2.001022323335005,
        "median": 1.6672027447196234,
        "std": 1.2765770226157915
      },
      "uncond_cap_net": {
        "n": 25506,
        "mean": 1.5509636290478586,
        "median": 1.0787343511448777,
        "std": 1.5999334966865886
      },
      "cost_pct": 0.2,
      "net_after_cost_mean": 1.0256121335764634,
      "increment_vs_uncond": -0.3253514954713952
    },
    "12": {
      "cap_net": {
        "n": 385,
        "mean": 1.7373561079486446,
        "median": 1.2166453581886394,
        "std": 1.684199157214508
      },
      "cap_exc": {
        "n": 385,
        "mean": 2.945765959200919,
        "median": 2.4371508379888134,
        "std": 1.7541218690482023
      },
      "uncond_cap_net": {
        "n": 25500,
        "mean": 2.2483552238176516,
        "median": 1.6369574818970833,
        "std": 2.194191733752913
      },
      "cost_pct": 0.2,
      "net_after_cost_mean": 1.5373561079486446,
      "increment_vs_uncond": -0.510999115869007
    },
    "24": {
      "cap_net": {
        "n": 385,
        "mean": 2.8358003152104483,
        "median": 2.2474829490094272,
        "std": 2.451964880623115
      },
      "cap_exc": {
        "n": 385,
        "mean": 4.521130016165747,
        "median": 3.895749471242396,
        "std": 2.6164993236520777
      },
      "uncond_cap_net": {
        "n": 25488,
        "mean": 3.2572942425686997,
        "median": 2.4401395613143917,
        "std": 3.04834299103564
      },
      "cost_pct": 0.2,
      "net_after_cost_mean": 2.635800315210448,
      "increment_vs_uncond": -0.4214939273582514
    },
    "48": {
      "cap_net": {
        "n": 384,
        "mean": 4.0877086314287,
        "median": 3.1451775425852926,
        "std": 3.7419053299693927
      },
      "cap_exc": {
        "n": 384,
        "mean": 6.847132968342798,
        "median": 5.705020441074467,
        "std": 4.217294504934046
      },
      "uncond_cap_net": {
        "n": 25464,
        "mean": 4.631648656690952,
        "median": 3.540884411734413,
        "std": 4.205233129675554
      },
      "cost_pct": 0.2,
      "net_after_cost_mean": 3.8877086314286995,
      "increment_vs_uncond": -0.5439400252622519
    }
  }
}