{
  "eigenvalues": [
    3.6842049023816554,
    0.9361145538093867,
    0.23868191356877458,
    0.1342521253043252,
    0.006746504935858104
  ],
  "cum_var_explained": [
    0.736840980476331,
    0.9240638912382083,
    0.9718002739519633,
    0.9986506990128283,
    1.0
  ],
  "n_pc_for_80pct": 2,
  "effective_n_bets": 1.7212042363526106
}