{
  "percentiles": [
    20,
    25,
    30,
    35,
    40
  ],
  "portfolio": {
    "20": {
      "n": 20181,
      "net_pnl": 192508.11589999998,
      "pf": 2.1119839763406496,
      "win_rate_profit": 49.13532530598087,
      "max_dd_usd": 2249.8740999999936,
      "max_dd_pct": 6.138239826767314,
      "avg_trade": 9.539077146821267,
      "sharpe_per_trade": 16.65538487336131
    },
    "25": {
      "n": 19752,
      "net_pnl": 193418.9829,
      "pf": 2.1279065231549628,
      "win_rate_profit": 49.321587687322804,
      "max_dd_usd": 2249.8740999999936,
      "max_dd_pct": 6.093404238780456,
      "avg_trade": 9.792374589914946,
      "sharpe_per_trade": 16.708301849680943
    },
    "30": {
      "n": 19192,
      "net_pnl": 192904.59470000002,
      "pf": 2.137459054771102,
      "win_rate_profit": 49.682159233013756,
      "max_dd_usd": 2249.8740999999936,
      "max_dd_pct": 6.069597259902058,
      "avg_trade": 10.051302349937474,
      "sharpe_per_trade": 16.697913407342003
    },
    "35": {
      "n": 18279,
      "net_pnl": 194901.6413,
      "pf": 2.179751106899721,
      "win_rate_profit": 50.495103670879146,
      "max_dd_usd": 2249.8740999999936,
      "max_dd_pct": 6.061369542004786,
      "avg_trade": 10.66259868154713,
      "sharpe_per_trade": 16.88940940453595
    },
    "40": {
      "n": 17499,
      "net_pnl": 197935.52850000001,
      "pf": 2.234223066747622,
      "win_rate_profit": 51.174352820161154,
      "max_dd_usd": 2249.8740999999936,
      "max_dd_pct": 5.959329616834444,
      "avg_trade": 11.311247985599177,
      "sharpe_per_trade": 17.138219327823823
    }
  },
  "by_symbol": {
    "BTC": {
      "20": {
        "n": 4508,
        "net_pnl": 15271.6969,
        "pf": 1.7597931051068947,
        "win_rate_profit": 50.70984915705412,
        "max_dd_usd": 472.5935000000027,
        "max_dd_pct": 3.03338796437928,
        "avg_trade": 3.387687866015972,
        "sharpe_per_trade": 12.798049602147612
      },
      "25": {
        "n": 4484,
        "net_pnl": 15278.9637,
        "pf": 1.760546163141268,
        "win_rate_profit": 50.91436217662802,
        "max_dd_usd": 447.89860000000226,
        "max_dd_pct": 2.8781008726167046,
        "avg_trade": 3.4074406110615523,
        "sharpe_per_trade": 12.790922005277611
      },
      "30": {
        "n": 4447,
        "net_pnl": 15414.5629,
        "pf": 1.7734755766568195,
        "win_rate_profit": 50.91072633235889,
        "max_dd_usd": 434.95900000000074,
        "max_dd_pct": 2.7730966469246927,
        "avg_trade": 3.4662835394648077,
        "sharpe_per_trade": 12.929553276368411
      },
      "35": {
        "n": 4397,
        "net_pnl": 15479.0844,
        "pf": 1.7813545263887436,
        "win_rate_profit": 51.103024789629295,
        "max_dd_usd": 429.71260000000075,
        "max_dd_pct": 2.729333597514747,
        "avg_trade": 3.520373982260632,
        "sharpe_per_trade": 12.9894006585626
      },
      "40": {
        "n": 4344,
        "net_pnl": 15450.647900000002,
        "pf": 1.7852163400357879,
        "win_rate_profit": 51.28913443830571,
        "max_dd_usd": 404.253200000001,
        "max_dd_pct": 2.5764471220105714,
        "avg_trade": 3.5567789825046043,
        "sharpe_per_trade": 12.991882840978583
      }
    },
    "ETH": {
      "20": {
        "n": 4491,
        "net_pnl": 28423.1214,
        "pf": 1.6652683008131037,
        "win_rate_profit": 48.185259407704294,
        "max_dd_usd": 1101.692799999997,
        "max_dd_pct": 4.757600916318963,
        "avg_trade": 6.328907014028056,
        "sharpe_per_trade": 8.679941263621469
      },
      "25": {
        "n": 4395,
        "net_pnl": 29497.7001,
        "pf": 1.6989532690442857,
        "win_rate_profit": 48.395904436860064,
        "max_dd_usd": 1101.692799999997,
        "max_dd_pct": 4.701758353033221,
        "avg_trade": 6.711649624573378,
        "sharpe_per_trade": 8.813762812826676
      },
      "30": {
        "n": 4293,
        "net_pnl": 29812.4671,
        "pf": 1.7155893294302622,
        "win_rate_profit": 48.73049149778709,
        "max_dd_usd": 1101.692799999997,
        "max_dd_pct": 4.668586462536318,
        "avg_trade": 6.9444367808059635,
        "sharpe_per_trade": 8.920636224903415
      },
      "35": {
        "n": 4179,
        "net_pnl": 29793.927900000002,
        "pf": 1.7224969067556484,
        "win_rate_profit": 48.863364441253886,
        "max_dd_usd": 1101.692799999997,
        "max_dd_pct": 4.673460483991671,
        "avg_trade": 7.129439554917445,
        "sharpe_per_trade": 8.924210602698404
      },
      "40": {
        "n": 4052,
        "net_pnl": 30191.492,
        "pf": 1.7448609735491798,
        "win_rate_profit": 49.25962487660415,
        "max_dd_usd": 1101.692799999997,
        "max_dd_pct": 4.6275117667552035,
        "avg_trade": 7.451009871668312,
        "sharpe_per_trade": 9.053329425081653
      }
    },
    "SOL": {
      "20": {
        "n": 4136,
        "net_pnl": 64430.534999999996,
        "pf": 2.290701385849007,
        "win_rate_profit": 49.22630560928433,
        "max_dd_usd": 1869.4480000000403,
        "max_dd_pct": 2.908083727731673,
        "avg_trade": 15.577982350096711,
        "sharpe_per_trade": 7.039730993075565
      },
      "25": {
        "n": 4098,
        "net_pnl": 64479.36919999999,
        "pf": 2.2941839630652985,
        "win_rate_profit": 49.365544167886775,
        "max_dd_usd": 1820.6138000000356,
        "max_dd_pct": 2.832118018935919,
        "avg_trade": 15.734350707662271,
        "sharpe_per_trade": 7.045544513455408
      },
      "30": {
        "n": 3969,
        "net_pnl": 63247.33699999999,
        "pf": 2.2666847124933622,
        "win_rate_profit": 49.81103552532124,
        "max_dd_usd": 1765.4285999999975,
        "max_dd_pct": 10.394456644940282,
        "avg_trade": 15.935333081380698,
        "sharpe_per_trade": 6.930884255872104
      },
      "35": {
        "n": 3520,
        "net_pnl": 63922.974,
        "pf": 2.3305533887714915,
        "win_rate_profit": 51.5625,
        "max_dd_usd": 1765.4285999999975,
        "max_dd_pct": 10.394456644940282,
        "avg_trade": 18.159935795454548,
        "sharpe_per_trade": 7.013612935986661
      },
      "40": {
        "n": 3211,
        "net_pnl": 65719.9098,
        "pf": 2.433870293477391,
        "win_rate_profit": 53.00529430084085,
        "max_dd_usd": 1765.4285999999975,
        "max_dd_pct": 10.394872272676743,
        "avg_trade": 20.467116100903144,
        "sharpe_per_trade": 7.199684521686414
      }
    },
    "LINK": {
      "20": {
        "n": 3515,
        "net_pnl": 37011.1092,
        "pf": 2.26118981750016,
        "win_rate_profit": 48.534850640113795,
        "max_dd_usd": 1282.5958999999991,
        "max_dd_pct": NaN,
        "avg_trade": 10.529476301564722,
        "sharpe_per_trade": 10.622421572901795
      },
      "25": {
        "n": 3370,
        "net_pnl": 36795.0798,
        "pf": 2.2792956210457755,
        "win_rate_profit": 48.6646884272997,
        "max_dd_usd": 1282.5958999999991,
        "max_dd_pct": NaN,
        "avg_trade": 10.918421305637983,
        "sharpe_per_trade": 10.574253309929592
      },
      "30": {
        "n": 3233,
        "net_pnl": 36943.4053,
        "pf": 2.3135660213286893,
        "win_rate_profit": 49.18032786885246,
        "max_dd_usd": 1294.8372999999995,
        "max_dd_pct": NaN,
        "avg_trade": 11.42697349211259,
        "sharpe_per_trade": 10.613593552596377
      },
      "35": {
        "n": 3084,
        "net_pnl": 37757.368200000004,
        "pf": 2.4000723364271046,
        "win_rate_profit": 50.51880674448768,
        "max_dd_usd": 1192.0527999999997,
        "max_dd_pct": NaN,
        "avg_trade": 12.242985797665371,
        "sharpe_per_trade": 10.897630128896926
      },
      "40": {
        "n": 2927,
        "net_pnl": 38485.094300000004,
        "pf": 2.4877744689271863,
        "win_rate_profit": 51.38366928595832,