{
  "per_symbol": {
    "BTC": 5.36110553136e-05,
    "ETH": 5.75670722917e-05,
    "SOL": 7.7170014803e-05,
    "LINK": 7.89958787091e-05,
    "DOGE": 8.03142098943e-05
  },
  "pooled": 6.73273446305e-05
}