{
  "n_events": 3613,
  "events_per_year": 1060.8193731525753,
  "terminal_counts": {
    "cont": 1801,
    "fail": 1453,
    "timeout": 359
  },
  "maxR_hist": {
    "0.0-0.1": 0,
    "0.1-0.2": 1,
    "0.2-0.3": 24,
    "0.3-0.4": 89,
    "0.4-0.5": 601,
    "0.5-0.6": 477,
    "0.6-0.7": 337,
    "0.7-0.8": 235,
    "0.8-0.9": 212,
    "0.9-1.0": 182,
    ">1.0": 1455
  },
  "crosstab": {
    "cont": {
      "0.0-0.1": 0,
      "0.1-0.2": 0,
      "0.2-0.3": 0,
      "0.3-0.4": 0,
      "0.4-0.5": 555,
      "0.5-0.6": 440,
      "0.6-0.7": 298,
      "0.7-0.8": 188,
      "0.8-0.9": 178,
      "0.9-1.0": 140,
      ">1.0": 2
    },
    "fail": {
      "0.0-0.1": 0,
      "0.1-0.2": 0,
      "0.2-0.3": 0,
      "0.3-0.4": 0,
      "0.4-0.5": 0,
      "0.5-0.6": 0,
      "0.6-0.7": 0,
      "0.7-0.8": 0,
      "0.8-0.9": 0,
      "0.9-1.0": 0,
      ">1.0": 1453
    },
    "timeout": {
      "0.0-0.1": 0,
      "0.1-0.2": 1,
      "0.2-0.3": 24,
      "0.3-0.4": 89,
      "0.4-0.5": 46,
      "0.5-0.6": 37,
      "0.6-0.7": 39,
      "0.7-0.8": 47,
      "0.8-0.9": 34,
      "0.9-1.0": 42,
      ">1.0": 0
    }
  },
  "maxR_median": 0.8175182481751823,
  "touched_n": 3180,
  "g50": {
    "4": {
      "n": 3180,
      "mean": 0.023953335123348112,
      "median": 0.021786908021459973,
      "std": 0.923364246800708
    },
    "8": {
      "n": 3180,
      "mean": 0.00546152085084008,
      "median": 0.007767053446906761,
      "std": 1.2955214607169245
    },
    "16": {
      "n": 3180,
      "mean": -0.014197003547600779,
      "median": -0.01756761844981211,
      "std": 1.811154262497509
    }
  },
  "b1": {
    "4": {
      "n": 3613,
      "mean": 0.008977997706824257,
      "median": -0.055993654052542835,
      "std": 1.0797267182118182
    },
    "8": {
      "n": 3613,
      "mean": -0.00911859906632816,
      "median": -0.05708947477682806,
      "std": 1.4550127572487155
    },
    "16": {
      "n": 3613,
      "mean": -0.012975253844526958,
      "median": -0.05751533742330145,
      "std": 1.9516599932915275
    }
  },
  "b0": {
    "4": {
      "mean": 0.011488324265463272,
      "median": 0.006240695039576019
    },
    "8": {
      "mean": 0.022824924116787434,
      "median": 0.012045048486177708
    },
    "16": {
      "mean": 0.045274857116583994,
      "median": 0.016223889917754017
    }
  }
}