{
  "per_symbol": {
    "BTC": {
      "contracts": 60,
      "entry": 16591.699999999997,
      "exit": 72898.09999999999,
      "gross": 33783.84,
      "fee": -26.846939999999996,
      "funding": -9590.553947004593,
      "net": 24166.439112995402
    },
    "ETH": {
      "contracts": 83,
      "entry": 1202.94,
      "exit": 1989.56,
      "gross": 6528.946,
      "fee": -13.248874999999998,
      "funding": -5530.40511012411,
      "net": 985.2920148758894
    },
    "SOL": {
      "contracts": 986,
      "entry": 10.151,
      "exit": 81.08,
      "gross": 69935.994,
      "fee": -44.976882999999994,
      "funding": -26747.64634196161,
      "net": 43143.370775038406
    },
    "LINK": {
      "contracts": 1790,
      "entry": 5.587000000000001,
      "exit": 8.892000000000001,
      "gross": 5915.950000000001,
      "fee": -12.958705000000002,
      "funding": -6927.966646713913,
      "net": -1024.9753517139125
    },
    "DOGE": {
      "contracts": 142,
      "entry": 0.07064999999999999,
      "exit": 0.09839,
      "gross": 3939.0800000000017,
      "fee": -12.00184,
      "funding": -6949.920786461031,
      "net": -3022.842626461029
    }
  },
  "net": 64247.28392473476,
  "max_dd_usd": 313143.1913748399,
  "net_over_dd": 0.20516902712353471,
  "funding_total": -55746.492832265256
}