{
  "A1_4h": {
    "long": {
      "n": 499,
      "gross": 33247.296,
      "net": 20567.4823,
      "funding": -7676.4535,
      "time_share_pct": 54.21430260979263
    },
    "short": {
      "n": 428,
      "gross": -8746.364000000001,
      "net": -11853.2429,
      "funding": 1176.956,
      "time_share_pct": 45.78569739020736
    }
  },
  "A1_1d": {
    "long": {
      "n": 87,
      "gross": 43006.522000000004,
      "net": 29891.212600000003,
      "funding": -12224.9181,
      "time_share_pct": 58.62759829701979
    },
    "short": {
      "n": 77,
      "gross": -22219.408,
      "net": -22647.2479,
      "funding": 354.5877,
      "time_share_pct": 41.37240170298021
    }
  },
  "A2_4h": {
    "long": {
      "n": 234,
      "gross": 52255.637,
      "net": 41758.7674,
      "funding": -8131.7474,
      "time_share_pct": 57.57479022254651
    },
    "short": {
      "n": 217,
      "gross": -24183.889,
      "net": -25803.6226,
      "funding": 561.1212,
      "time_share_pct": 42.42520977745348
    }
  },
  "A2_1d": {
    "long": {
      "n": 41,
      "gross": 69389.59,
      "net": 52637.9439,
      "funding": -16307.4916,
      "time_share_pct": 63.74367622259697
    },
    "short": {
      "n": 35,
      "gross": -22484.895,
      "net": -22406.3955,
      "funding": 440.248,
      "time_share_pct": 36.25632377740304
    }
  },
  "A3_1d": {
    "long": {
      "n": 17,
      "gross": 50041.39200000001,
      "net": 30556.464,
      "funding": -19289.878699999997,
      "time_share_pct": 67.2530446549391
    },
    "short": {
      "n": 16,
      "gross": -28067.743000000002,
      "net": -27647.856,
      "funding": 594.3114,
      "time_share_pct": 32.74695534506089
    }
  },
  "B1_4h": {
    "long": {
      "n": 108,
      "gross": 74150.968,
      "net": 57882.3991,
      "funding": -15151.577,
      "time_share_pct": 49.888475836431226
    },
    "short": {
      "n": 108,
      "gross": -8650.708999999999,
      "net": -7891.6219,
      "funding": 1844.8725,
      "time_share_pct": 50.111524163568774
    }
  },
  "B1_1d": {
    "long": {
      "n": 14,
      "gross": 68923.198,
      "net": 45050.2705,
      "funding": -23698.4613,
      "time_share_pct": 59.521072796934874
    },
    "short": {
      "n": 16,
      "gross": -9194.921,
      "net": -7322.6052,
      "funding": 2037.0529999999999,
      "time_share_pct": 40.47892720306513
    }
  },
  "B2_4h": {
    "long": {
      "n": 235,
      "gross": 89940.928,
      "net": 73979.2853,
      "funding": -13566.3082,
      "time_share_pct": 48.8659513785142
    },
    "short": {
      "n": 235,
      "gross": -5640.286,
      "net": -5784.466700000001,
      "funding": 2209.2753,
      "time_share_pct": 51.1340486214858
    }
  },
  "B2_1d": {
    "long": {
      "n": 39,
      "gross": 77414.539,
      "net": 56222.803100000005,
      "funding": -20762.481,
      "time_share_pct": 52.81468531468532
    },
    "short": {
      "n": 38,
      "gross": -6192.986999999999,
      "net": -4970.525399999999,
      "funding": 1605.5613,
      "time_share_pct": 47.18531468531468
    }
  },
  "C1_4h": {
    "long": {
      "n": 611,
      "gross": 96239.203,
      "net": 75143.15819999999,
      "funding": -14942.344,
      "time_share_pct": 51.198681861870114
    },
    "short": {
      "n": 611,
      "gross": -6382.870000000002,
      "net": -10791.221700000002,
      "funding": 1702.6712,
      "time_share_pct": 48.801318138129886
    }
  },
  "C1_1d": {
    "long": {
      "n": 263,
      "gross": 95139.046,
      "net": 77588.2679,
      "funding": -14874.372,
      "time_share_pct": 51.05436573311367
    },
    "short": {
      "n": 263,
      "gross": -5449.967999999998,
      "net": -6196.320799999999,
      "funding": 1886.3463,
      "time_share_pct": 48.94563426688633
    }
  },
  "C2_4h": {
    "long": {
      "n": 273,
      "gross": 81649.715,
      "net": 59267.6578,
      "funding": -19613.9033,
      "time_share_pct": 53.19370215224614
    },
    "short": {
      "n": 269,
      "gross": -6132.741,
      "net": -7118.5022,
      "funding": 1707.4451,
      "time_share_pct": 46.80629784775386
    }
  },
  "C2_1d": {
    "long": {
      "n": 126,
      "gross": 75626.462,
      "net": 55081.8506,
      "funding": -19246.8918,
      "time_share_pct": 53.327556325823224
    },
    "short": {
      "n": 122,
      "gross": -10739.151,
      "net": -10248.8544,
      "funding": 1716.0037,
      "time_share_pct": 46.672443674176776
    }
  },
  "C3_4h": {
    "long": {
      "n": 152,
      "gross": 59035.155,
      "net": 37264.4318,
      "funding": -20219.8998,
      "time_share_pct": 58.295472348425506
    },
    "short": {
      "n": 153,
      "gross": -26648.037,
      "net": -26090.7016,
      "funding": 2102.8834,
      "time_share_pct": 41.704527651574494
    }
  },
  "C3_1d": {
    "long": {
      "n": 73,
      "gross": 51612.515,
      "net": 30814.1092,
      "funding": -20041.9374,
      "time_share_pct": 58.1390977443609
    },
    "short": {
      "n": 74,
      "gross": -29653.927,
      "net": -28265.4734,
      "funding": 2143.5975,
      "time_share_pct": 41.8609022556391
    }
  }
}