{
  "slices": {
    "2020-2021": {
      "n": 228,
      "gross": 264214.422,
      "fees": -2436.1772,
      "funding": -41268.9033,
      "net": 220509.34160000004,
      "short_n": 115,
      "short_net": -22421.348700000002
    },
    "2022": {
      "n": 136,
      "gross": 625.574599999999,
      "fees": -1338.7611,
      "funding": -2731.7581,
      "net": -3444.9439999999986,
      "short_n": 68,
      "short_net": 18935.890099999997
    },
    "2023-2024": {
      "n": 274,
      "gross": 84620.24199999998,
      "fees": -2807.7367,
      "funding": -8606.205300000001,
      "net": 73206.30069999999,
      "short_n": 137,
      "short_net": -24925.9801
    },
    "2025-2026": {
      "n": 198,
      "gross": 13205.325,
      "fees": -1967.9416,
      "funding": -755.2967000000001,
      "net": 10482.0864,
      "short_n": 99,
      "short_net": 19563.713699999997
    }
  },
  "flat_share": null
}