{
  "net_path": 110804.97111781046,
  "max_dd_usd": 2328009.889047184,
  "net_over_dd": 0.047596434894510306,
  "slices_m2m": {
    "2020-2021": 953010.6956109314,
    "2022": -1014370.4743034043,
    "2023-2024": 1289797.589880872,
    "2025-2026": -1117741.796816239
  }
}