{
  "slices": {
    "2020-2021": {
      "n": 38,
      "gross": 1365397.7212999999,
      "fees": -1063.1147,
      "funding": -150559.03569999998,
      "net": 1213775.5709000002,
      "short_n": 0,
      "short_net": 0.0
    },
    "2022": {
      "n": 32,
      "gross": -27837.3034,
      "fees": -305.77160000000003,
      "funding": -619.5119,
      "net": -28762.5873,
      "short_n": 0,
      "short_net": 0.0
    },
    "2023-2024": {
      "n": 62,
      "gross": 94627.60399999999,
      "fees": -667.3525,
      "funding": -13400.310599999999,
      "net": 80559.9413,
      "short_n": 0,
      "short_net": 0.0
    },
    "2025-2026": {
      "n": 43,
      "gross": -7728.299000000001,
      "fees": -426.2561,
      "funding": -1491.8467999999998,
      "net": -9646.4022,
      "short_n": 0,
      "short_net": 0.0
    }
  },
  "flat_share": {
    "2020-2021": 0.462212086659065,
    "2022": 0.751689497716895,
    "2023-2024": 0.4203830369357045,
    "2025-2026": 0.6087826929286406,
    "overall": 0.5265471617584294
  }
}