{
  "slices": {
    "2020-2021": {
      "n": 99,
      "gross": 788847.5294,
      "fees": -1385.0676,
      "funding": -141310.9944,
      "net": 646151.4672000002,
      "short_n": 0,
      "short_net": 0.0
    },
    "2022": {
      "n": 91,
      "gross": -21913.461000000003,
      "fees": -899.5449000000001,
      "funding": -284.00620000000004,
      "net": -23097.011499999997,
      "short_n": 0,
      "short_net": 0.0
    },
    "2023-2024": {
      "n": 218,
      "gross": 92469.581,
      "fees": -2225.8090999999995,
      "funding": -18233.836200000005,
      "net": 72009.9364,
      "short_n": 0,
      "short_net": 0.0
    },
    "2025-2026": {
      "n": 93,
      "gross": -4718.705000000001,
      "fees": -925.6161000000001,
      "funding": -1452.7029000000002,
      "net": -7097.0232000000005,
      "short_n": 0,
      "short_net": 0.0
    }
  },
  "flat_share": {
    "2020-2021": 0.42408209806157354,
    "2022": 0.8531506849315068,
    "2023-2024": 0.36584587323301415,
    "2025-2026": 0.5908944139489829,
    "overall": 0.5095034855598236
  }
}