{
  "live_threshold": 81.5,
  "train_percentiles": {
    "20": 50.21365998262449,
    "25": 57.87513318972027,
    "30": 65.43745293589465,
    "35": 73.44608787392924,
    "40": 82.15971131541787
  },
  "train_p30": 65.43745293589465,
  "p30_vs_live_diff_pct": -19.70864670442374,
  "q1_filter_off": {
    "n": 4530,
    "net_pnl": 15237.945200000002,
    "pf": 1.7562086651919204,
    "win_rate_profit": 50.57395143487858,
    "max_dd_usd": 470.43550000000323,
    "max_dd_pct": 3.026512435634222,
    "avg_trade": 3.3637848123620313,
    "sharpe_per_trade": 12.765011768729524
  },
  "q1_filter_on": {
    "n": 4447,
    "net_pnl": 15414.5629,
    "pf": 1.7734755766568195,
    "win_rate_profit": 50.91072633235889,
    "max_dd_usd": 434.95900000000074,
    "max_dd_pct": 2.7730966469246927,
    "avg_trade": 3.4662835394648077,
    "sharpe_per_trade": 12.929553276368411
  },
  "q2_sensitivity": {
    "20": {
      "n": 4508,
      "net_pnl": 15271.6969,
      "pf": 1.7597931051068947,
      "win_rate_profit": 50.70984915705412,
      "max_dd_usd": 472.5935000000027,
      "max_dd_pct": 3.03338796437928,
      "avg_trade": 3.387687866015972,
      "sharpe_per_trade": 12.798049602147612
    },
    "25": {
      "n": 4484,
      "net_pnl": 15278.9637,
      "pf": 1.760546163141268,
      "win_rate_profit": 50.91436217662802,
      "max_dd_usd": 447.89860000000226,
      "max_dd_pct": 2.8781008726167046,
      "avg_trade": 3.4074406110615523,
      "sharpe_per_trade": 12.790922005277611
    },
    "30": {
      "n": 4447,
      "net_pnl": 15414.5629,
      "pf": 1.7734755766568195,
      "win_rate_profit": 50.91072633235889,
      "max_dd_usd": 434.95900000000074,
      "max_dd_pct": 2.7730966469246927,
      "avg_trade": 3.4662835394648077,
      "sharpe_per_trade": 12.929553276368411
    },
    "35": {
      "n": 4397,
      "net_pnl": 15479.0844,
      "pf": 1.7813545263887436,
      "win_rate_profit": 51.103024789629295,
      "max_dd_usd": 429.71260000000075,
      "max_dd_pct": 2.729333597514747,
      "avg_trade": 3.520373982260632,
      "sharpe_per_trade": 12.9894006585626
    },
    "40": {
      "n": 4344,
      "net_pnl": 15450.647900000002,
      "pf": 1.7852163400357879,
      "win_rate_profit": 51.28913443830571,
      "max_dd_usd": 404.253200000001,
      "max_dd_pct": 2.5764471220105714,
      "avg_trade": 3.5567789825046043,
      "sharpe_per_trade": 12.991882840978583
    }
  }
}