{
  "live_threshold": 0.0002,
  "train_percentiles": {
    "20": 0.00014890879059874983,
    "25": 0.0001705196135806377,
    "30": 0.00019395510238121597,
    "35": 0.00021910433020888492,
    "40": 0.0002455590232049086
  },
  "train_p30": 0.00019395510238121597,
  "p30_vs_live_diff_pct": -3.0224488093920208,
  "q1_filter_off": {
    "n": 3700,
    "net_pnl": 47303.957800000004,
    "pf": 2.4988947479186896,
    "win_rate_profit": 48.64864864864865,
    "max_dd_usd": 2005.3548999999948,
    "max_dd_pct": 17.221001035661995,
    "avg_trade": 12.78485345945946,
    "sharpe_per_trade": 9.426273742334457
  },
  "q1_filter_on": {
    "n": 3250,
    "net_pnl": 47486.822400000005,
    "pf": 2.585733965673345,
    "win_rate_profit": 49.6,
    "max_dd_usd": 2005.3548999999948,
    "max_dd_pct": 17.221001035661995,
    "avg_trade": 14.61132996923077,
    "sharpe_per_trade": 9.48473482699371
  },
  "q2_sensitivity": {
    "20": {
      "n": 3531,
      "net_pnl": 47371.653399999996,
      "pf": 2.526541997384674,
      "win_rate_profit": 48.82469555366752,
      "max_dd_usd": 2005.3548999999948,
      "max_dd_pct": 17.221001035661995,
      "avg_trade": 13.41593129425092,
      "sharpe_per_trade": 9.447192991639668
    },
    "25": {
      "n": 3405,
      "net_pnl": 47367.8701,
      "pf": 2.5475447139977407,
      "win_rate_profit": 49.01615271659325,
      "max_dd_usd": 2005.3548999999948,
      "max_dd_pct": 17.221001035661995,
      "avg_trade": 13.911268751835536,
      "sharpe_per_trade": 9.452086028988468
    },
    "30": {
      "n": 3250,
      "net_pnl": 47486.822400000005,
      "pf": 2.585733965673345,
      "win_rate_profit": 49.6,
      "max_dd_usd": 2005.3548999999948,
      "max_dd_pct": 17.221001035661995,
      "avg_trade": 14.61132996923077,
      "sharpe_per_trade": 9.48473482699371
    },
    "35": {
      "n": 3099,
      "net_pnl": 47948.286799999994,
      "pf": 2.645041916959846,
      "win_rate_profit": 50.59696676347208,
      "max_dd_usd": 2005.3548999999948,
      "max_dd_pct": 17.221001035661995,
      "avg_trade": 15.472180316231041,
      "sharpe_per_trade": 9.588025929483443
    },
    "40": {
      "n": 2965,
      "net_pnl": 48088.38450000001,
      "pf": 2.689618142677161,
      "win_rate_profit": 51.433389544688026,
      "max_dd_usd": 2005.3548999999948,
      "max_dd_pct": 17.221001035661995,
      "avg_trade": 16.218679426644183,
      "sharpe_per_trade": 9.627614097645642
    }
  }
}