{
  "live_threshold": 4.64,
  "train_percentiles": {
    "20": 3.2483870188218447,
    "25": 3.671528433809659,
    "30": 4.079709544249483,
    "35": 4.496425082642101,
    "40": 4.937742303385083
  },
  "train_p30": 4.079709544249483,
  "p30_vs_live_diff_pct": -12.07522533945079,
  "q1_filter_off": {
    "n": 4731,
    "net_pnl": 28045.4961,
    "pf": 1.6454224472943761,
    "win_rate_profit": 47.34728387233143,
    "max_dd_usd": 1101.692799999997,
    "max_dd_pct": 4.762930986032149,
    "avg_trade": 5.928027076727965,
    "sharpe_per_trade": 8.555526047357068
  },
  "q1_filter_on": {
    "n": 4293,
    "net_pnl": 29812.4671,
    "pf": 1.7155893294302622,
    "win_rate_profit": 48.73049149778709,
    "max_dd_usd": 1101.692799999997,
    "max_dd_pct": 4.668586462536318,
    "avg_trade": 6.9444367808059635,
    "sharpe_per_trade": 8.920636224903415
  },
  "q2_sensitivity": {
    "20": {
      "n": 4491,
      "net_pnl": 28423.1214,
      "pf": 1.6652683008131037,
      "win_rate_profit": 48.185259407704294,
      "max_dd_usd": 1101.692799999997,
      "max_dd_pct": 4.757600916318963,
      "avg_trade": 6.328907014028056,
      "sharpe_per_trade": 8.679941263621469
    },
    "25": {
      "n": 4395,
      "net_pnl": 29497.7001,
      "pf": 1.6989532690442857,
      "win_rate_profit": 48.395904436860064,
      "max_dd_usd": 1101.692799999997,
      "max_dd_pct": 4.701758353033221,
      "avg_trade": 6.711649624573378,
      "sharpe_per_trade": 8.813762812826676
    },
    "30": {
      "n": 4293,
      "net_pnl": 29812.4671,
      "pf": 1.7155893294302622,
      "win_rate_profit": 48.73049149778709,
      "max_dd_usd": 1101.692799999997,
      "max_dd_pct": 4.668586462536318,
      "avg_trade": 6.9444367808059635,
      "sharpe_per_trade": 8.920636224903415
    },
    "35": {
      "n": 4179,
      "net_pnl": 29793.927900000002,
      "pf": 1.7224969067556484,
      "win_rate_profit": 48.863364441253886,
      "max_dd_usd": 1101.692799999997,
      "max_dd_pct": 4.673460483991671,
      "avg_trade": 7.129439554917445,
      "sharpe_per_trade": 8.924210602698404
    },
    "40": {
      "n": 4052,
      "net_pnl": 30191.492,
      "pf": 1.7448609735491798,
      "win_rate_profit": 49.25962487660415,
      "max_dd_usd": 1101.692799999997,
      "max_dd_pct": 4.6275117667552035,
      "avg_trade": 7.451009871668312,
      "sharpe_per_trade": 9.053329425081653
    }
  }
}