{
  "live_threshold": 0.0212,
  "train_percentiles": {
    "20": 0.014131971167742334,
    "25": 0.01625019767196841,
    "30": 0.018545691784519498,
    "35": 0.02133252361534277,
    "40": 0.024458562914626863
  },
  "train_p30": 0.018545691784519498,
  "p30_vs_live_diff_pct": -12.520321771134446,
  "q1_filter_off": {
    "n": 4184,
    "net_pnl": 34240.3256,
    "pf": 2.033150796272584,
    "win_rate_profit": 45.650095602294456,
    "max_dd_usd": 1282.5958999999991,
    "max_dd_pct": NaN,
    "avg_trade": 8.183634225621415,
    "sharpe_per_trade": 9.722849688482281
  },
  "q1_filter_on": {
    "n": 3233,
    "net_pnl": 36943.4053,
    "pf": 2.3135660213286893,
    "win_rate_profit": 49.18032786885246,
    "max_dd_usd": 1294.8372999999995,
    "max_dd_pct": NaN,
    "avg_trade": 11.42697349211259,
    "sharpe_per_trade": 10.613593552596377
  },
  "q2_sensitivity": {
    "20": {
      "n": 3515,
      "net_pnl": 37011.1092,
      "pf": 2.26118981750016,
      "win_rate_profit": 48.534850640113795,
      "max_dd_usd": 1282.5958999999991,
      "max_dd_pct": NaN,
      "avg_trade": 10.529476301564722,
      "sharpe_per_trade": 10.622421572901795
    },
    "25": {
      "n": 3370,
      "net_pnl": 36795.0798,
      "pf": 2.2792956210457755,
      "win_rate_profit": 48.6646884272997,
      "max_dd_usd": 1282.5958999999991,
      "max_dd_pct": NaN,
      "avg_trade": 10.918421305637983,
      "sharpe_per_trade": 10.574253309929592
    },
    "30": {
      "n": 3233,
      "net_pnl": 36943.4053,
      "pf": 2.3135660213286893,
      "win_rate_profit": 49.18032786885246,
      "max_dd_usd": 1294.8372999999995,
      "max_dd_pct": NaN,
      "avg_trade": 11.42697349211259,
      "sharpe_per_trade": 10.613593552596377
    },
    "35": {
      "n": 3084,
      "net_pnl": 37757.368200000004,
      "pf": 2.4000723364271046,
      "win_rate_profit": 50.51880674448768,
      "max_dd_usd": 1192.0527999999997,
      "max_dd_pct": NaN,
      "avg_trade": 12.242985797665371,
      "sharpe_per_trade": 10.897630128896926
    },
    "40": {
      "n": 2927,
      "net_pnl": 38485.094300000004,
      "pf": 2.4877744689271863,
      "win_rate_profit": 51.38366928595832,
      "max_dd_usd": 620.9288000000006,
      "max_dd_pct": NaN,
      "avg_trade": 13.148306901264094,
      "sharpe_per_trade": 11.136508587779469
    }
  }
}