{
  "live_threshold": 0.245,
  "train_percentiles": {
    "20": 0.06899063552705316,
    "25": 0.08828188067398937,
    "30": 0.12191777625575888,
    "35": 0.18925561281465272,
    "40": 0.26041793958260284
  },
  "train_p30": 0.12191777625575888,
  "p30_vs_live_diff_pct": -50.23764234458821,
  "q1_filter_off": {
    "n": 4153,
    "net_pnl": 64399.6579,
    "pf": 2.2889219345232665,
    "win_rate_profit": 49.145196243679266,
    "max_dd_usd": 1897.824400000034,
    "max_dd_pct": 2.9523404540605074,
    "avg_trade": 15.506780134842282,
    "sharpe_per_trade": 7.036137749056997
  },
  "q1_filter_on": {
    "n": 3969,
    "net_pnl": 63247.33699999999,
    "pf": 2.2666847124933622,
    "win_rate_profit": 49.81103552532124,
    "max_dd_usd": 1765.4285999999975,
    "max_dd_pct": 10.394456644940282,
    "avg_trade": 15.935333081380698,
    "sharpe_per_trade": 6.930884255872104
  },
  "q2_sensitivity": {
    "20": {
      "n": 4136,
      "net_pnl": 64430.534999999996,
      "pf": 2.290701385849007,
      "win_rate_profit": 49.22630560928433,
      "max_dd_usd": 1869.4480000000403,
      "max_dd_pct": 2.908083727731673,
      "avg_trade": 15.577982350096711,
      "sharpe_per_trade": 7.039730993075565
    },
    "25": {
      "n": 4098,
      "net_pnl": 64479.36919999999,
      "pf": 2.2941839630652985,
      "win_rate_profit": 49.365544167886775,
      "max_dd_usd": 1820.6138000000356,
      "max_dd_pct": 2.832118018935919,
      "avg_trade": 15.734350707662271,
      "sharpe_per_trade": 7.045544513455408
    },
    "30": {
      "n": 3969,
      "net_pnl": 63247.33699999999,
      "pf": 2.2666847124933622,
      "win_rate_profit": 49.81103552532124,
      "max_dd_usd": 1765.4285999999975,
      "max_dd_pct": 10.394456644940282,
      "avg_trade": 15.935333081380698,
      "sharpe_per_trade": 6.930884255872104
    },
    "35": {
      "n": 3520,
      "net_pnl": 63922.974,
      "pf": 2.3305533887714915,
      "win_rate_profit": 51.5625,
      "max_dd_usd": 1765.4285999999975,
      "max_dd_pct": 10.394456644940282,
      "avg_trade": 18.159935795454548,
      "sharpe_per_trade": 7.013612935986661
    },
    "40": {
      "n": 3211,
      "net_pnl": 65719.9098,
      "pf": 2.433870293477391,
      "win_rate_profit": 53.00529430084085,
      "max_dd_usd": 1765.4285999999975,
      "max_dd_pct": 10.394872272676743,
      "avg_trade": 20.467116100903144,
      "sharpe_per_trade": 7.199684521686414
    }
  }
}