{
  "n_events": 3645,
  "events_per_year": 1070.2149502189695,
  "terminal_counts": {
    "cont": 1776,
    "fail": 1494,
    "timeout": 375
  },
  "maxR_hist": {
    "0.0-0.1": 0,
    "0.1-0.2": 1,
    "0.2-0.3": 13,
    "0.3-0.4": 84,
    "0.4-0.5": 587,
    "0.5-0.6": 474,
    "0.6-0.7": 356,
    "0.7-0.8": 255,
    "0.8-0.9": 207,
    "0.9-1.0": 174,
    ">1.0": 1494
  },
  "crosstab": {
    "cont": {
      "0.0-0.1": 0,
      "0.1-0.2": 0,
      "0.2-0.3": 0,
      "0.3-0.4": 0,
      "0.4-0.5": 540,
      "0.5-0.6": 437,
      "0.6-0.7": 308,
      "0.7-0.8": 204,
      "0.8-0.9": 161,
      "0.9-1.0": 126,
      ">1.0": 0
    },
    "fail": {
      "0.0-0.1": 0,
      "0.1-0.2": 0,
      "0.2-0.3": 0,
      "0.3-0.4": 0,
      "0.4-0.5": 0,
      "0.5-0.6": 0,
      "0.6-0.7": 0,
      "0.7-0.8": 0,
      "0.8-0.9": 0,
      "0.9-1.0": 0,
      ">1.0": 1494
    },
    "timeout": {
      "0.0-0.1": 0,
      "0.1-0.2": 1,
      "0.2-0.3": 13,
      "0.3-0.4": 84,
      "0.4-0.5": 47,
      "0.5-0.6": 37,
      "0.6-0.7": 48,
      "0.7-0.8": 51,
      "0.8-0.9": 46,
      "0.9-1.0": 48,
      ">1.0": 0
    }
  },
  "maxR_median": 0.8257007500987171,
  "touched_n": 3157,
  "g50": {
    "4": {
      "n": 3157,
      "mean": 0.0194097856112208,
      "median": 0.004161374640758853,
      "std": 0.4931629549510331
    },
    "8": {
      "n": 3157,
      "mean": 0.015621280539753363,
      "median": -0.0013906980840782332,
      "std": 0.7171253787493186
    },
    "16": {
      "n": 3156,
      "mean": 0.022062732839549064,
      "median": -0.011722967637215555,
      "std": 1.0250522691149437
    }
  },
  "b1": {
    "4": {
      "n": 3645,
      "mean": 0.0004275272982353229,
      "median": -0.044547669814197104,
      "std": 0.6100945325968086
    },
    "8": {
      "n": 3645,
      "mean": 0.006821271583196907,
      "median": -0.04556854468458095,
      "std": 0.8188375057108049
    },
    "16": {
      "n": 3644,
      "mean": -0.010309407989411051,
      "median": -0.06724602078829443,
      "std": 1.111913689472021
    }
  },
  "b0": {
    "4": {
      "mean": 0.006202912684283793,
      "median": 0.004027429925369799
    },
    "8": {
      "mean": 0.012361274752709695,
      "median": 0.01113679297470015
    },
    "16": {
      "mean": 0.02474806992920739,
      "median": 0.013849762248544941
    }
  }
}