{
  "n_events": 3647,
  "events_per_year": 1070.802173785619,
  "terminal_counts": {
    "cont": 1797,
    "fail": 1492,
    "timeout": 358
  },
  "maxR_hist": {
    "0.0-0.1": 0,
    "0.1-0.2": 1,
    "0.2-0.3": 17,
    "0.3-0.4": 64,
    "0.4-0.5": 619,
    "0.5-0.6": 441,
    "0.6-0.7": 320,
    "0.7-0.8": 285,
    "0.8-0.9": 226,
    "0.9-1.0": 179,
    ">1.0": 1495
  },
  "crosstab": {
    "cont": {
      "0.0-0.1": 0,
      "0.1-0.2": 0,
      "0.2-0.3": 0,
      "0.3-0.4": 0,
      "0.4-0.5": 578,
      "0.5-0.6": 401,
      "0.6-0.7": 276,
      "0.7-0.8": 233,
      "0.8-0.9": 181,
      "0.9-1.0": 126,
      ">1.0": 2
    },
    "fail": {
      "0.0-0.1": 0,
      "0.1-0.2": 0,
      "0.2-0.3": 0,
      "0.3-0.4": 0,
      "0.4-0.5": 0,
      "0.5-0.6": 0,
      "0.6-0.7": 0,
      "0.7-0.8": 0,
      "0.8-0.9": 0,
      "0.9-1.0": 0,
      ">1.0": 1492
    },
    "timeout": {
      "0.0-0.1": 0,
      "0.1-0.2": 1,
      "0.2-0.3": 17,
      "0.3-0.4": 64,
      "0.4-0.5": 41,
      "0.5-0.6": 40,
      "0.6-0.7": 44,
      "0.7-0.8": 52,
      "0.8-0.9": 45,
      "0.9-1.0": 53,
      ">1.0": 1
    }
  },
  "maxR_median": 0.8306010928961569,
  "touched_n": 3229,
  "g50": {
    "4": {
      "n": 3229,
      "mean": -0.00839770253236326,
      "median": -0.009417969485775215,
      "std": 0.970293181617019
    },
    "8": {
      "n": 3229,
      "mean": 0.0024400464369581753,
      "median": -0.012195121951214784,
      "std": 1.3926818221578756
    },
    "16": {
      "n": 3229,
      "mean": 0.002896107817175172,
      "median": -0.02747001190367388,
      "std": 1.8431322041412925
    }
  },
  "b1": {
    "4": {
      "n": 3647,
      "mean": -0.0287938249468407,
      "median": -0.07456354613941132,
      "std": 1.1993253398960548
    },
    "8": {
      "n": 3647,
      "mean": -0.02898327025129875,
      "median": -0.10932220234545714,
      "std": 1.4933194629207247
    },
    "16": {
      "n": 3646,
      "mean": -0.03220410850173001,
      "median": -0.10178591089725553,
      "std": 1.9934581015840258
    }
  },
  "b0": {
    "4": {
      "mean": 0.005937422421356859,
      "median": 0.009334889656596557
    },
    "8": {
      "mean": 0.011576663902355098,
      "median": 0.010008263635000817
    },
    "16": {
      "mean": 0.02246793440187675,
      "median": 0.012992759599616899
    }
  }
}