{
  "n_events": 3600,
  "events_per_year": 1057.0024199693526,
  "terminal_counts": {
    "cont": 1782,
    "fail": 1447,
    "timeout": 371
  },
  "maxR_hist": {
    "0.0-0.1": 0,
    "0.1-0.2": 1,
    "0.2-0.3": 17,
    "0.3-0.4": 80,
    "0.4-0.5": 635,
    "0.5-0.6": 478,
    "0.6-0.7": 300,
    "0.7-0.8": 256,
    "0.8-0.9": 204,
    "0.9-1.0": 181,
    ">1.0": 1448
  },
  "crosstab": {
    "cont": {
      "0.0-0.1": 0,
      "0.1-0.2": 0,
      "0.2-0.3": 0,
      "0.3-0.4": 0,
      "0.4-0.5": 587,
      "0.5-0.6": 431,
      "0.6-0.7": 259,
      "0.7-0.8": 209,
      "0.8-0.9": 170,
      "0.9-1.0": 125,
      ">1.0": 1
    },
    "fail": {
      "0.0-0.1": 0,
      "0.1-0.2": 0,
      "0.2-0.3": 0,
      "0.3-0.4": 0,
      "0.4-0.5": 0,
      "0.5-0.6": 0,
      "0.6-0.7": 0,
      "0.7-0.8": 0,
      "0.8-0.9": 0,
      "0.9-1.0": 0,
      ">1.0": 1447
    },
    "timeout": {
      "0.0-0.1": 0,
      "0.1-0.2": 1,
      "0.2-0.3": 17,
      "0.3-0.4": 80,
      "0.4-0.5": 48,
      "0.5-0.6": 47,
      "0.6-0.7": 41,
      "0.7-0.8": 47,
      "0.8-0.9": 34,
      "0.9-1.0": 56,
      ">1.0": 0
    }
  },
  "maxR_median": 0.8114107970736093,
  "touched_n": 3173,
  "g50": {
    "4": {
      "n": 3173,
      "mean": 0.02990872107449412,
      "median": 0.015912067467165503,
      "std": 0.6377881040913137
    },
    "8": {
      "n": 3173,
      "mean": 0.02443118338470766,
      "median": 0.0025567110469069307,
      "std": 0.9210176645443151
    },
    "16": {
      "n": 3172,
      "mean": 0.013661874427650801,
      "median": -0.019517227541294813,
      "std": 1.2938763035452605
    }
  },
  "b1": {
    "4": {
      "n": 3600,
      "mean": 0.003328256541763492,
      "median": -0.054095646600019365,
      "std": 0.7694224022429383
    },
    "8": {
      "n": 3600,
      "mean": 0.004813924381917638,
      "median": -0.05098686824689784,
      "std": 1.0245069763094707
    },
    "16": {
      "n": 3599,
      "mean": 0.02776530253610278,
      "median": -0.07834868858241602,
      "std": 1.4165709838357003
    }
  },
  "b0": {
    "4": {
      "mean": 0.0038730260285328197,
      "median": 0.007100321607368929
    },
    "8": {
      "mean": 0.007704083442292108,
      "median": 0.011167620678345688
    },
    "16": {
      "mean": 0.015479164811726466,
      "median": 0.014226726673275538
    }
  }
}