{
  "n_events": 3652,
  "events_per_year": 1072.2702327022432,
  "terminal_counts": {
    "cont": 1800,
    "fail": 1508,
    "timeout": 344
  },
  "maxR_hist": {
    "0.0-0.1": 0,
    "0.1-0.2": 3,
    "0.2-0.3": 27,
    "0.3-0.4": 89,
    "0.4-0.5": 565,
    "0.5-0.6": 454,
    "0.6-0.7": 338,
    "0.7-0.8": 289,
    "0.8-0.9": 206,
    "0.9-1.0": 171,
    ">1.0": 1510
  },
  "crosstab": {
    "cont": {
      "0.0-0.1": 0,
      "0.1-0.2": 0,
      "0.2-0.3": 0,
      "0.3-0.4": 0,
      "0.4-0.5": 537,
      "0.5-0.6": 423,
      "0.6-0.7": 299,
      "0.7-0.8": 248,
      "0.8-0.9": 161,
      "0.9-1.0": 130,
      ">1.0": 2
    },
    "fail": {
      "0.0-0.1": 0,
      "0.1-0.2": 0,
      "0.2-0.3": 0,
      "0.3-0.4": 0,
      "0.4-0.5": 0,
      "0.5-0.6": 0,
      "0.6-0.7": 0,
      "0.7-0.8": 0,
      "0.8-0.9": 0,
      "0.9-1.0": 0,
      ">1.0": 1508
    },
    "timeout": {
      "0.0-0.1": 0,
      "0.1-0.2": 3,
      "0.2-0.3": 27,
      "0.3-0.4": 89,
      "0.4-0.5": 28,
      "0.5-0.6": 31,
      "0.6-0.7": 39,
      "0.7-0.8": 41,
      "0.8-0.9": 45,
      "0.9-1.0": 41,
      ">1.0": 0
    }
  },
  "maxR_median": 0.828939104562102,
  "touched_n": 3082,
  "g50": {
    "4": {
      "n": 3082,
      "mean": 0.04849895692603264,
      "median": 0.025954727088030913,
      "std": 0.8947872367421769
    },
    "8": {
      "n": 3082,
      "mean": 0.03732615089019195,
      "median": 0.02583228563096343,
      "std": 1.2494277834688805
    },
    "16": {
      "n": 3082,
      "mean": 0.012289805306984288,
      "median": 0.007459179891629951,
      "std": 1.7343342008541227
    }
  },
  "b1": {
    "4": {
      "n": 3652,
      "mean": -0.023629783716499316,
      "median": -0.06527771169004999,
      "std": 1.0781980043293342
    },
    "8": {
      "n": 3652,
      "mean": -0.005276388177450966,
      "median": -0.08251425410602814,
      "std": 1.4003732257565065
    },
    "16": {
      "n": 3651,
      "mean": -0.0041441899683630256,
      "median": -0.06825420900955818,
      "std": 1.8855154918650738
    }
  },
  "b0": {
    "4": {
      "mean": 0.005888373326883197,
      "median": 0.0
    },
    "8": {
      "mean": 0.01157411138154411,
      "median": 0.0
    },
    "16": {
      "mean": 0.022801065849937657,
      "median": 0.0
    }
  }
}