{
  "positioning": "descriptive cross-sectional IC pre-study, go/no-go only; survivorship NOT corrected (22 current-listed coins); no strategy/params/weights",
  "pre_registered": {
    "factors": {
      "F-MOM": "ret30 desc",
      "F-CAR": "funding7 asc",
      "F-REV": "ret3 asc"
    },
    "rebalance": "daily UTC00",
    "min_coins": 10,
    "fee_top5_pct": 0.05,
    "fee_other_pct": 0.07,
    "top5": [
      "BTCUSDT",
      "ETHUSDT",
      "SOLUSDT",
      "XRPUSDT",
      "ZECUSDT"
    ],
    "gates": "G1 |t(IC)|>2 & IR_ann>0.3; G2 monotonic(<=1 viol); G3 net>0; G4 alpha_t>2; G5 2025+ sign kept & |t|>1"
  },
  "n_coins": 22,
  "n_days_total": 2343,
  "results": {
    "F-MOM": {
      "n_rebalance_days": 2104,
      "ic_mean": -0.00025446199505094327,
      "ic_std": 0.3249270860855517,
      "ic_t": -0.03592194798929918,
      "ic_ir_raw": -0.0007831356816585757,
      "ic_ir_annual": -0.014961786190114379,
      "ic_pos_share": 0.4923954372623574,
      "ic_decay_kbar": {
        "1": {
          "mean": -0.00025446199505094327,
          "median": -0.007241671372106155,
          "n": 2104
        },
        "3": {
          "mean": 0.01832793822546716,
          "median": 0.016270739064856713,
          "n": 2102
        },
        "5": {
          "mean": 0.023841898696890036,
          "median": 0.01784302653867871,
          "n": 2100
        }
      },
      "quintile_mean_fwd1": [
        0.0001306458008806227,
        0.0013047195580603846,
        0.0015268860729411885,
        0.0020024818194697112,
        0.004196978730496074
      ],
      "quintile_monotonic_violations": 0,
      "gross_annual_pct": 148.42115193096396,
      "gross_sharpe": 1.6144467668537041,
      "net_annual_pct": 132.69614004883468,
      "net_sharpe": 1.4433314066255967,
      "cost_over_gross_ratio": 0.013996873162277969,
      "beta_spread": {
        "alpha_daily": 0.004057218467124847,
        "beta": 0.006981245539646426,
        "alpha_t": 3.8629882693111197,
        "alpha_annual_pct": 148.08847405005693
      },
      "beta_long_leg": {
        "alpha_daily": 0.0026710948874313772,
        "beta": 1.168754579262924,
        "alpha_t": 2.752637011665692,
        "alpha_annual_pct": 97.49496339124526
      },
      "beta_short_leg": {
        "alpha_daily": -0.0013861235796934722,
        "beta": 1.161773333723278,
        "alpha_t": -1.9146553144076448,
        "alpha_annual_pct": -50.59351065881174
      },
      "ic_by_year": {
        "2020": {
          "mean": 0.05400363525363525,
          "n": 144,
          "t": 1.8932928905341715
        },
        "2021": {
          "mean": -0.01501129007978323,
          "n": 365,
          "t": -0.8892064246831073
        },
        "2022": {
          "mean": 0.00011673878529402441,
          "n": 353,
          "t": 0.0064698337614948155
        },
        "2023": {
          "mean": -0.010199376807474073,
          "n": 365,
          "t": -0.6086665951402543
        },
        "2024": {
          "mean": 0.008371047141461708,
          "n": 366,
          "t": 0.5017619111118666
        },
        "2025": {
          "mean": 0.007943813185028193,
          "n": 365,
          "t": 0.4574205873912267
        },
        "2026": {
          "mean": -0.03503097231356721,
          "n": 146,
          "t": -1.4945040256163284
        }
      },
      "ic_2025plus_mean": -0.004334696957427637,
      "ic_2025plus_t": -0.3071816182210278,
      "gates": {
        "G1_ic_sig": 0.0,
        "G2_monotonic": true,
        "G3_net_positive": true,
        "G4_true_alpha": true,
        "G5_stable_2025": false,
        "ALL": 0.0
      },
      "death_cause": "G1_IC,G5_stable",
      "verification_years": null
    },
    "F-CAR": {
      "n_rebalance_days": 2133,
      "ic_mean": 0.018778823636569242,
      "ic_std": 0.2788111740833861,
      "ic_t": 3.1106678148468125,
      "ic_ir_raw": 0.06735319593379324,
      "ic_ir_annual": 1.286781001534845,
      "ic_pos_share": 0.5152367557430848,
      "ic_decay_kbar": {
        "1": {
          "mean": 0.018778823636569242,
          "median": 0.010728402032749858,
          "n": 2133
        },
        "3": {
          "mean": 0.03148305066316416,
          "median": 0.03214285714285714,
          "n": 2129
        },
        "5": {
          "mean": 0.03504585989433148,
          "median": 0.03896103896103896,
          "n": 2128
        }
      },
      "quintile_mean_fwd1": [
        0.001177500509363232,
        0.0022861021826226452,
        0.0022601759282034717,
        0.001776096864451438,
        0.00283141233435378
      ],
      "quintile_monotonic_violations": 2,
      "gross_annual_pct": 60.367781612155014,
      "gross_sharpe": 0.7915831383675882,
      "net_annual_pct": 46.39408259668383,
      "net_sharpe": 0.6084316916524587,
      "cost_over_gross_ratio": 0.01500035687553173,
      "beta_spread": {
        "alpha_daily": 0.0017971272149463439,
        "beta": -0.10348787266518011,
        "alpha_t": 2.0830475453449373,
        "alpha_annual_pct": 65.59514334554154
      },
      "beta_long_leg": {
        "alpha_daily": 0.0013449322481169936,
        "beta": 1.0741349929730346,
        "alpha_t": 1.6875793717911634,
        "alpha_annual_pct": 49.090027056270266
      },
      "beta_short_leg": {
        "alpha_daily": -0.00045219496682935095,
        "beta": 1.1776228656382144,
        "alpha_t": -0.6343759671790921,
        "alpha_annual_pct": -16.50511628927131
      },
      "ic_by_year": {
        "2020": {
          "mean": -0.02585989864339046,
          "n": 168,
          "t": -1.005486443077013
        },
        "2021": {
          "mean": 0.06403316577006363,
          "n": 365,
          "t": 4.051945818805677
        },
        "2022": {
          "mean": 0.019241343162398894,
          "n": 358,
          "t": 1.2625550844423745
        },
        "2023": {
          "mean": 0.018732387162304066,
          "n": 365,
          "t": 1.2382465862928955
        },
        "2024": {
          "mean": 0.00964343337137797,
          "n": 366,
          "t": 0.7230176903074994
        },
        "2025": {
          "mean": 0.003947665564485104,
          "n": 365,
          "t": 0.31041444677552193
        },
        "2026": {
          "mean": 0.015968983366283433,
          "n": 146,
          "t": 0.8508549172652782
        }
      },
      "ic_2025plus_mean": 0.007382327793570341,
      "ic_2025plus_t": 0.7003108273237924,
      "gates": {
        "G1_ic_sig": 1.0,
        "G2_monotonic": false,
        "G3_net_positive": true,
        "G4_true_alpha": true,
        "G5_stable_2025": false,
        "ALL": false
      },
      "death_cause": "G2_mono,G5_stable",
      "verification_years": null
    },
    "F-REV": {
      "n_rebalance_days": 2131,
      "ic_mean": 0.016630530861006316,
      "ic_std": 0.32369576679768053,
      "ic_t": 2.371705810069434,
      "ic_ir_raw": 0.0513770415521093,
      "ic_ir_annual": 0.981557000640419,
      "ic_pos_share": 0.5232285312060065,
      "ic_decay_kbar": {
        "1": {
          "mean": 0.016630530861006316,
          "median": 0.017857142857142856,
          "n": 2131
        },
        "3": {
          "mean": 0.012990199864677504,
          "median": 0.01637492941840768,
          "n": 2127
        },
        "5": {
          "mean": -0.0005753052290921885,
          "median": -0.005030959752321981,
          "n": 2126
        }
      },
      "quintile_mean_fwd1": [
        0.004502400465776802,
        0.002507932296713668,
        0.0014936989664827687,
        0.0015822549336769955,
        0.0013731741776220022
      ],
      "quintile_monotonic_violations": 3,
      "gross_annual_pct": -114.21675951765017,
      "gross_sharpe": -1.1522845667586896,
      "net_annual_pct": -159.41812429162172,
      "net_sharpe": -1.6072894540669695,
      "cost_over_gross_ratio": 0.03883434286186727,
      "beta_spread": {
        "alpha_daily": -0.003246339026626778,