{
  "F1_pos": {
    "1": {
      "n": 116,
      "fund_med": 0.100025,
      "fund_mean": 0.11942497413793103,
      "price_med": 0.042943552233171325,
      "price_mean": -0.8679300485479424,
      "total_med": 0.11880955223317133,
      "total_mean": -0.7485050744100114,
      "total_std": 7.253086775843719
    },
    "3": {
      "n": 116,
      "fund_med": 0.311336,
      "fund_mean": 0.3304538965517241,
      "price_med": -0.6032669788958516,
      "price_mean": -6.057513245737153,
      "total_med": -0.16584184088501774,
      "total_mean": -5.72705934918543,
      "total_std": 35.998273974282185
    },
    "6": {
      "n": 116,
      "fund_med": 0.6207445,
      "fund_mean": 0.6252240775862068,
      "price_med": -1.3581190641920022,
      "price_mean": -6.2885077021524545,
      "total_med": -0.6988620250747967,
      "total_mean": -5.663283624566248,
      "total_std": 23.731074242528738
    },
    "12": {
      "n": 116,
      "fund_med": 1.1726375,
      "fund_mean": 1.1292396896551724,
      "price_med": -3.771293402338975,
      "price_mean": -13.187298697804959,
      "total_med": -2.268369902338975,
      "total_mean": -12.058059008149787,
      "total_std": 42.7621816242227
    },
    "24": {
      "n": 116,
      "fund_med": 1.9646895,
      "fund_mean": 2.03895474137931,
      "price_med": -6.3044471851954675,
      "price_mean": -23.68957687980823,
      "total_med": -3.8464674698790615,
      "total_mean": -21.650622138428925,
      "total_std": 78.1518163108224
    }
  },
  "F1_neg": {
    "1": {
      "n": 103,
      "fund_med": -0.004776,
      "fund_mean": 0.008471504854368931,
      "price_med": -0.06968831891758381,
      "price_mean": -0.1944710640726967,
      "total_med": -0.0664587170318259,
      "total_mean": -0.1859995592183277,
      "total_std": 6.689688809966228
    },
    "3": {
      "n": 103,
      "fund_med": -0.01133,
      "fund_mean": 0.016414378640776692,
      "price_med": -0.05723132461166693,
      "price_mean": 0.29459215781945525,
      "total_med": -0.025676324611666926,
      "total_mean": 0.31100653646023213,
      "total_std": 8.507336005475299
    },
    "6": {
      "n": 103,
      "fund_med": -0.019785,
      "fund_mean": 0.007493213592233004,
      "price_med": 0.1229445212847749,
      "price_mean": 0.5417164507321812,
      "total_med": 0.06403152128477489,
      "total_mean": 0.5492096643244142,
      "total_std": 10.075017356592939
    },
    "12": {
      "n": 103,
      "fund_med": -0.060092,
      "fund_mean": -0.03375400970873788,
      "price_med": -0.11240429328408245,
      "price_mean": 1.5464345463501226,
      "total_med": -0.018813293284082475,
      "total_mean": 1.512680536641385,
      "total_std": 17.04439288072361
    },
    "24": {
      "n": 103,
      "fund_med": -0.124278,
      "fund_mean": -0.16091641747572819,
      "price_med": 0.46133458097520746,
      "price_mean": 5.868808414220034,
      "total_med": 0.4182011606621404,
      "total_mean": 5.707891996744306,
      "total_std": 22.836444786098628
    }
  },
  "F2_pos": {
    "1": {
      "n": 69,
      "fund_med": 0.11785999999999999,
      "fund_mean": 0.1284589275362319,
      "price_med": -0.4267607950423884,
      "price_mean": -1.3827458800406813,
      "total_med": -0.31356319988219344,
      "total_mean": -1.254286952504449,
      "total_std": 5.914939204854996
    },
    "3": {
      "n": 69,
      "fund_med": 0.31931699999999996,
      "fund_mean": 0.33020897101449276,
      "price_med": -0.7066161087866085,
      "price_mean": -2.5993540903471937,
      "total_med": -0.5180021087866085,
      "total_mean": -2.2691451193327024,
      "total_std": 11.823437705746496
    },
    "6": {
      "n": 69,
      "fund_med": 0.556146,
      "fund_mean": 0.5986618985507246,
      "price_med": -2.1268960345463754,
      "price_mean": -3.4823618921745485,
      "total_med": -1.4703310345463754,
      "total_mean": -2.8836999936238237,
      "total_std": 13.514232005039414
    },
    "12": {
      "n": 69,
      "fund_med": 1.1585800000000002,
      "fund_mean": 1.1328615217391305,
      "price_med": -1.1188302370660506,
      "price_mean": -9.862316399134727,
      "total_med": -0.7466712370660507,
      "total_mean": -8.7294548773956,
      "total_std": 33.403162832542485
    },
    "24": {
      "n": 69,
      "fund_med": 1.7563210000000002,
      "fund_mean": 2.0218988695652174,
      "price_med": -3.3713790635476757,
      "price_mean": -14.299189776505237,
      "total_med": -1.924983172328183,
      "total_mean": -12.277290906940019,
      "total_std": 61.659103324669516
    }
  },
  "F2_neg": {
    "1": {
      "n": 44,
      "fund_med": 0.0011970000000000001,
      "fund_mean": 0.013068340909090908,
      "price_med": -0.05435919703210548,
      "price_mean": -0.21448702713434253,
      "total_med": -0.047838697032105484,
      "total_mean": -0.20141868622525164,
      "total_std": 4.4823819989005775
    },
    "3": {
      "n": 44,
      "fund_med": 0.00040300000000000004,
      "fund_mean": 0.019171227272727274,
      "price_med": 1.323644513405786,
      "price_mean": 0.2867300007592289,
      "total_med": 1.3432581694895886,
      "total_mean": 0.30590122803195596,
      "total_std": 9.400944581128268
    },
    "6": {
      "n": 44,
      "fund_med": -0.010907500000000002,
      "fund_mean": 0.025543159090909085,
      "price_med": 0.41501589545097345,
      "price_mean": 0.3778585915398454,
      "total_med": 0.4080748954509735,
      "total_mean": 0.40340175063075423,
      "total_std": 11.94169562873922
    },
    "12": {
      "n": 44,
      "fund_med": -0.0414055,
      "fund_mean": 0.003551409090909086,
      "price_med": 3.1034464215986546,
      "price_mean": 3.746332050398071,
      "total_med": 3.275417276765273,
      "total_mean": 3.74988345948898,
      "total_std": 13.450478807037785
    },
    "24": {
      "n": 44,
      "fund_med": -0.100933,
      "fund_mean": -0.11760872727272731,
      "price_med": 3.0708945205915743,
      "price_mean": 9.346957402555672,
      "total_med": 2.8858745205915746,
      "total_mean": 9.229348675282944,
      "total_std": 21.5905280012189
    }
  }
}