{
  "F1_pos": {
    "1": {
      "n": 87,
      "fund_med": 0.015467639954290001,
      "fund_mean": 0.019321345521534944,
      "price_med": -0.248169634476335,
      "price_mean": -0.26999138763707453,
      "total_med": -0.2303791803867564,
      "total_mean": -0.2506700421155396,
      "total_std": 1.357528457249365,
      "uncond": {
        "mean": 0.04907862208018212,
        "median": 0.03549806840587502
      }
    },
    "3": {
      "n": 87,
      "fund_med": 0.04511248526426,
      "fund_mean": 0.05808738895430608,
      "price_med": -0.2594897467104508,
      "price_mean": -0.4408348875497822,
      "total_med": -0.22756994318562782,
      "total_mean": -0.3827474985954761,
      "total_std": 2.061945372621793,
      "uncond": {
        "mean": 0.14904104952940742,
        "median": 0.08023340627278985
      }
    },
    "6": {
      "n": 86,
      "fund_med": 0.0880257713907,
      "fund_mean": 0.11858474413669474,
      "price_med": -0.4220652960466075,
      "price_mean": -0.5243904069532669,
      "total_med": -0.3224975218781042,
      "total_mean": -0.4058056628165722,
      "total_std": 3.33169545534717,
      "uncond": {
        "mean": 0.2990908430409065,
        "median": 0.19138169940337588
      }
    },
    "12": {
      "n": 86,
      "fund_med": 0.192520981401155,
      "fund_mean": 0.2253055747108089,
      "price_med": -0.5461816334521834,
      "price_mean": -0.7216993392103959,
      "total_med": -0.4283053841163802,
      "total_mean": -0.49639376449958683,
      "total_std": 4.296384496672456,
      "uncond": {
        "mean": 0.6059842398417571,
        "median": 0.25105890780504425
      }
    },
    "24": {
      "n": 85,
      "fund_med": 0.37366826579609996,
      "fund_mean": 0.4194228533764919,
      "price_med": -1.8290797951479452,
      "price_mean": -2.2980421201517554,
      "total_med": -1.5597524053545553,
      "total_mean": -1.8786192667752637,
      "total_std": 5.780635964309745,
      "uncond": {
        "mean": 1.2261684358724196,
        "median": 0.6093374986613742
      }
    }
  },
  "F1_neg": {
    "1": {
      "n": 155,
      "fund_med": -0.0005748030271,
      "fund_mean": -0.0016176073958339356,
      "price_med": 0.06944226190208068,
      "price_mean": 0.11077178499770877,
      "total_med": 0.06869381069790068,
      "total_mean": 0.10915417760187483,
      "total_std": 1.4833806805742253,
      "uncond": {
        "mean": 0.04907862208018212,
        "median": 0.03549806840587502
      }
    },
    "3": {
      "n": 155,
      "fund_med": -0.0023981970346100005,
      "fund_mean": -0.004298956404786194,
      "price_med": 0.24365503466593402,
      "price_mean": 0.3132589805974258,
      "total_med": 0.211383674271644,
      "total_mean": 0.30896002419263957,
      "total_std": 2.310738949441467,
      "uncond": {
        "mean": 0.14904104952940742,
        "median": 0.08023340627278985
      }
    },
    "6": {
      "n": 155,
      "fund_med": -0.007087824772690001,
      "fund_mean": -0.010662123697746776,
      "price_med": 0.7076378447307873,
      "price_mean": 0.8241452152724293,
      "total_med": 0.7121479275941572,
      "total_mean": 0.8134830915746826,
      "total_std": 3.2060120622593677,
      "uncond": {
        "mean": 0.2990908430409065,
        "median": 0.19138169940337588
      }
    },
    "12": {
      "n": 155,
      "fund_med": -0.01927659236932,
      "fund_mean": -0.025652582156275226,
      "price_med": 0.9608680251309709,
      "price_mean": 1.2361001994277299,
      "total_med": 0.9381582040516472,
      "total_mean": 1.2104476172714547,
      "total_std": 5.012493649013446,
      "uncond": {
        "mean": 0.6059842398417571,
        "median": 0.25105890780504425
      }
    },
    "24": {
      "n": 155,
      "fund_med": -0.048729824708780005,
      "fund_mean": -0.0634016654403064,
      "price_med": 1.0762115716530363,
      "price_mean": 1.5890501937401986,
      "total_med": 0.9743283385841373,
      "total_mean": 1.5256485282998924,
      "total_std": 6.602110347401886,
      "uncond": {
        "mean": 1.2261684358724196,
        "median": 0.6093374986613742
      }
    }
  },
  "F2_pos": {
    "1": {
      "n": 30,
      "fund_med": 0.027645456455390002,
      "fund_mean": 0.02752997611539667,
      "price_med": -0.26581517724859405,
      "price_mean": -0.14704030340044877,
      "total_med": -0.2524130783465491,
      "total_mean": -0.1195103272850521,
      "total_std": 0.6681905249818052,
      "uncond": {
        "mean": 0.04907862208018212,
        "median": 0.03549806840587502
      }
    },
    "3": {
      "n": 29,
      "fund_med": 0.08008351553668001,
      "fund_mean": 0.08023126353824069,
      "price_med": 0.09744995062099183,
      "price_mean": -0.2759096122442825,
      "total_med": 0.19091621091810185,
      "total_mean": -0.19567834870604184,
      "total_std": 2.5070753209267314,
      "uncond": {
        "mean": 0.14904104952940742,
        "median": 0.08023340627278985
      }
    },
    "6": {
      "n": 29,
      "fund_med": 0.16105621097224002,
      "fund_mean": 0.16405917409671242,
      "price_med": -0.13654984069185597,
      "price_mean": -0.6005530400297936,
      "total_med": 0.049314560077344055,
      "total_mean": -0.43649386593308104,
      "total_std": 3.3380039483989323,
      "uncond": {
        "mean": 0.2990908430409065,
        "median": 0.19138169940337588
      }
    },
    "12": {
      "n": 29,
      "fund_med": 0.27197644713423,
      "fund_mean": 0.3057870170104517,
      "price_med": -0.06289326404446319,
      "price_mean": -1.1033234265146734,
      "total_med": 0.10643321404228684,
      "total_mean": -0.7975364095042216,
      "total_std": 4.639898333552788,
      "uncond": {
        "mean": 0.6059842398417571,
        "median": 0.25105890780504425
      }
    },
    "24": {
      "n": 29,
      "fund_med": 0.54789901409775,
      "fund_mean": 0.5695581783173703,
      "price_med": -2.2374247051975553,
      "price_mean": -3.061604054669524,
      "total_med": -1.6367996465870098,
      "total_mean": -2.4920458763521536,
      "total_std": 6.559709605960498,
      "uncond": {
        "mean": 1.2261684358724196,
        "median": 0.6093374986613742
      }
    }
  },
  "F2_neg": {
    "1": {
      "n": 19,
      "fund_med": 0.00073915621927,
      "fund_mean": 0.001039003401218421,
      "price_med": 0.1403053311253491,
      "price_mean": 0.21311326611846956,
      "total_med": 0.1459130103997291,
      "total_mean": 0.214152269519688,
      "total_std": 1.3705705678641211,
      "uncond": {
        "mean": 0.04907862208018212,
        "median": 0.03549806840587502
      }
    },
    "3": {
      "n": 19,
      "fund_med": -0.00052681509994,
      "fund_mean": -0.001925585181896842,
      "price_med": 1.0017289195837882,
      "price_mean": 1.2039281973137705,
      "total_med": 1.0033417688005082,
      "total_mean": 1.2020026121318736,
      "total_std": 3.2390542439546866,
      "uncond": {
        "mean": 0.14904104952940742,
        "median": 0.08023340627278985
      }
    },
    "6": {
      "n": 19,
      "fund_med": -0.008191349823290001,
      "fund_mean": -0.0033503020244989483,
      "price_med": 1.2023043620422993,
      "price_mean": 1.4665515332287695,
      "total_med": 1.1901231177989093,
      "total_mean": 1.4632012312042706,
      "total_std": 3.8999809986775533,
      "uncond": {
        "mean": 0.2990908430409065,
        "median": 0.19138169940337588
      }
    },
    "12": {
      "n": 19,
      "fund_med": -0.013735022041140002,
      "fund_mean": -0.013612705111437895,
      "price_med": 1.4279627721289352,
      "price_mean": 0.8387731461883228,
      "total_med": 1.3774246696889851,
      "total_mean": 0.8251604410768847,
      "total_std": 4.684739655708223,
      "uncond": {
        "mean": 0.6059842398417571,
        "median": 0.25105890780504425
      }
    },
    "24": {
      "n": 19,
      "fund_med": -0.0225777741073,