{
  "F1_pos": {
    "1": {
      "n": 77,
      "fund_med": 0.0236019406859,
      "fund_mean": 0.030412902116905446,
      "price_med": -0.27795945062133165,
      "price_mean": -0.4698266647650214,
      "total_med": -0.2990200549288016,
      "total_mean": -0.43941376264811594,
      "total_std": 3.6490924545217647,
      "uncond": {
        "mean": 0.08955380553350448,
        "median": 0.04959333465581238
      }
    },
    "3": {
      "n": 77,
      "fund_med": 0.08162902121803,
      "fund_mean": 0.08881385821323584,
      "price_med": 0.0168577208361396,
      "price_mean": -1.4118113747837757,
      "total_med": 0.0433827203538896,
      "total_mean": -1.3229975165705397,
      "total_std": 6.93388646424352,
      "uncond": {
        "mean": 0.27243048425394695,
        "median": 0.0349283967865841
      }
    },
    "6": {
      "n": 77,
      "fund_med": 0.15505405287884,
      "fund_mean": 0.16596077619738742,
      "price_med": -0.8882572392965002,
      "price_mean": -2.308425707888741,
      "total_med": -0.7010190043062877,
      "total_mean": -2.1424649316913538,
      "total_std": 8.57589158906718,
      "uncond": {
        "mean": 0.5415933264725493,
        "median": 0.057961230497888365
      }
    },
    "12": {
      "n": 77,
      "fund_med": 0.26554115035749004,
      "fund_mean": 0.31605628311797157,
      "price_med": -3.204789575629513,
      "price_mean": -4.440297647764193,
      "total_med": -3.0387909905651727,
      "total_mean": -4.124241364646223,
      "total_std": 11.099301362342308,
      "uncond": {
        "mean": 1.050813966736601,
        "median": 0.1639630391418666
      }
    },
    "24": {
      "n": 77,
      "fund_med": 0.5579565956767799,
      "fund_mean": 0.5958756257669983,
      "price_med": -9.159390515322722,
      "price_mean": -9.794529796817612,
      "total_med": -8.801237682600302,
      "total_mean": -9.198654171050613,
      "total_std": 16.485858203359978,
      "uncond": {
        "mean": 2.110940938669562,
        "median": 0.2399440819306507
      }
    }
  },
  "F1_neg": {
    "1": {
      "n": 137,
      "fund_med": 0.00194773246798,
      "fund_mean": 0.004125994026448833,
      "price_med": 0.27781061591204564,
      "price_mean": 0.017117623312264418,
      "total_med": 0.24754527803724571,
      "total_mean": 0.021243617338713307,
      "total_std": 2.771326328948536,
      "uncond": {
        "mean": 0.08955380553350448,
        "median": 0.04959333465581238
      }
    },
    "3": {
      "n": 137,
      "fund_med": 0.00306669480558,
      "fund_mean": 0.009388848653970949,
      "price_med": -0.07359434795407295,
      "price_mean": -0.0799258319103525,
      "total_med": -0.054442216255695855,
      "total_mean": -0.07053698325638154,
      "total_std": 5.020044993880694,
      "uncond": {
        "mean": 0.27243048425394695,
        "median": 0.0349283967865841
      }
    },
    "6": {
      "n": 137,
      "fund_med": 0.0066164956461,
      "fund_mean": 0.013443259976318173,
      "price_med": -0.46776050662061436,
      "price_mean": -0.3339486411683678,
      "total_med": -0.4228578086606444,
      "total_mean": -0.3205053811920497,
      "total_std": 6.497823395552489,
      "uncond": {
        "mean": 0.5415933264725493,
        "median": 0.057961230497888365
      }
    },
    "12": {
      "n": 137,
      "fund_med": 0.01061728990969,
      "fund_mean": 0.021156815954881097,
      "price_med": -0.33705604185531113,
      "price_mean": -0.25659990907661806,
      "total_med": -0.29950505342793116,
      "total_mean": -0.23544309312173675,
      "total_std": 9.38071848253067,
      "uncond": {
        "mean": 1.050813966736601,
        "median": 0.1639630391418666
      }
    },
    "24": {
      "n": 136,
      "fund_med": 0.005577902450379986,
      "fund_mean": 0.016801605305610808,
      "price_med": 0.25475571478918096,
      "price_mean": 0.7522438464443385,
      "total_med": 0.26577967016172943,
      "total_mean": 0.7690454517499499,
      "total_std": 13.053272184613817,
      "uncond": {
        "mean": 2.110940938669562,
        "median": 0.2399440819306507
      }
    }
  },
  "F2_pos": {
    "1": {
      "n": 31,
      "fund_med": 0.027775907749310002,
      "fund_mean": 0.034380925037842264,
      "price_med": -0.7022086226511287,
      "price_mean": -0.7551350224678528,
      "total_med": -0.6741292525763618,
      "total_mean": -0.7207540974300104,
      "total_std": 3.5912410464363456,
      "uncond": {
        "mean": 0.08955380553350448,
        "median": 0.04959333465581238
      }
    },
    "3": {
      "n": 31,
      "fund_med": 0.09336119240244999,
      "fund_mean": 0.09862758210081937,
      "price_med": -1.2287988923502957,
      "price_mean": -2.282441167895713,
      "total_med": -1.2194320853111558,
      "total_mean": -2.1838135857948937,
      "total_std": 4.336839110383897,
      "uncond": {
        "mean": 0.27243048425394695,
        "median": 0.0349283967865841
      }
    },
    "6": {
      "n": 31,
      "fund_med": 0.17912950476624,
      "fund_mean": 0.19416884299175743,
      "price_med": -2.805280528052796,
      "price_mean": -3.080032737262631,
      "total_med": -2.827978194590536,
      "total_mean": -2.885863894270874,
      "total_std": 7.4759203763129785,
      "uncond": {
        "mean": 0.5415933264725493,
        "median": 0.057961230497888365
      }
    },
    "12": {
      "n": 31,
      "fund_med": 0.33853973754216,
      "fund_mean": 0.376649382275977,
      "price_med": -2.122809517025217,
      "price_mean": -6.042685546731687,
      "total_med": -1.8602639235419671,
      "total_mean": -5.66603616445571,
      "total_std": 11.875630664072204,
      "uncond": {
        "mean": 1.050813966736601,
        "median": 0.1639630391418666
      }
    },
    "24": {
      "n": 31,
      "fund_med": 0.64913076118547,
      "fund_mean": 0.7113837496152106,
      "price_med": -6.804575899472461,
      "price_mean": -8.441315714334396,
      "total_med": -6.665932012603521,
      "total_mean": -7.729931964719184,
      "total_std": 16.441032269115922,
      "uncond": {
        "mean": 2.110940938669562,
        "median": 0.2399440819306507
      }
    }
  },
  "F2_neg": {
    "1": {
      "n": 34,
      "fund_med": 0.006973078251535,
      "fund_mean": 0.01250707889904853,
      "price_med": -0.18238660859417472,
      "price_mean": -0.09440865550861648,
      "total_med": -0.16225533463958833,
      "total_mean": -0.08190157660956794,
      "total_std": 2.693830943880478,
      "uncond": {
        "mean": 0.08955380553350448,
        "median": 0.04959333465581238
      }
    },
    "3": {
      "n": 34,
      "fund_med": 0.012814113465655001,
      "fund_mean": 0.025071593980818825,
      "price_med": 0.07197933469993409,
      "price_mean": -0.07002336836828807,
      "total_med": 0.07428328427455907,
      "total_mean": -0.04495177438746917,
      "total_std": 4.454386992536656,
      "uncond": {
        "mean": 0.27243048425394695,
        "median": 0.0349283967865841
      }
    },
    "6": {
      "n": 34,
      "fund_med": 0.019982172393659996,
      "fund_mean": 0.037502870538556464,
      "price_med": 1.464102417784607,
      "price_mean": 0.647720641406955,
      "total_med": 1.4499247167996518,
      "total_mean": 0.6852235119455115,
      "total_std": 6.554875191742169,
      "uncond": {
        "mean": 0.5415933264725493,
        "median": 0.057961230497888365
      }
    },
    "12": {
      "n": 34,
      "fund_med": 0.03589574892462,
      "fund_mean": 0.05512806379873706,
      "price_med": -0.9273306024777512,
      "price_mean": -1.1501745077364804,
      "total_med": -0.9278993720440312,
      "total_mean": -1.0950464439377428,
      "total_std": 7.308473080412382,
      "uncond": {
        "mean": 1.050813966736601,
        "median": 0.1639630391418666
      }
    },
    "24": {
      "n": 34,
      "fund_med": 0.048970417184795,
      "fund_mean": 0.08333907921823323,